CREATE TABLE `device` (
  `DeviceID` int NOT NULL AUTO_INCREMENT,
  `type` varchar(45) DEFAULT NULL,
  `Location` varchar(45) DEFAULT NULL,
  PRIMARY KEY (`DeviceID`)
);
ALTER table device AUTO_INCREMENT = 20001;
INSERT INTO device (DeviceID, Type, Location) VALUES
(1, 'household appliances', 'Kitchen'),
(2, 'household appliances', 'Kitchen'),
(3, 'household appliances', 'Kitchen'),
(4, 'household appliances', 'Kitchen'),
(5, 'household appliances', 'Kitchen'),
(6, 'household appliances', 'Kitchen'),
(7, 'household appliances', 'Kitchen'),
(8, 'household appliances', 'Kitchen'),
(9, 'household appliances', 'Kitchen'),
(10, 'household appliances', 'Kitchen'),
(11, 'household appliances', 'Kitchen'),
(12, 'household appliances', 'Kitchen'),
(13, 'household appliances', 'Kitchen'),
(14, 'household appliances', 'Kitchen'),
(15, 'household appliances', 'Kitchen'),
(16, 'household appliances', 'Kitchen'),
(17, 'household appliances', 'Kitchen'),
(18, 'household appliances', 'Kitchen'),
(19, 'household appliances', 'Kitchen'),
(20, 'household appliances', 'Kitchen'),
(21, 'household appliances', 'Kitchen'),
(22, 'household appliances', 'Kitchen'),
(23, 'household appliances', 'Kitchen'),
(24, 'household appliances', 'Kitchen'),
(25, 'household appliances', 'Bathroom'),
(26, 'household appliances', 'Bathroom'),
(27, 'household appliances', 'Bathroom'),
(28, 'household appliances', 'Bathroom'),
(29, 'Heating and Cooling Appliances', 'Anywhere'),
(30, 'Heating and Cooling Appliances', 'Anywhere'),
(31, 'Heating and Cooling Appliances', 'Anywhere'),
(32, 'Heating and Cooling Appliances', 'Anywhere'),
(33, 'Heating and Cooling Appliances', 'Anywhere'),
(34, 'Heating and Cooling Appliances', 'Anywhere'),
(35, 'Heating and Cooling Appliances', 'Anywhere'),
(36, 'Heating and Cooling Appliances', 'Anywhere'),
(37, 'Heating and Cooling Appliances', 'Anywhere'),
(38, 'Heating and Cooling Appliances', 'Anywhere'),
(39, 'Household Tools and Devices', 'Anywhere'),
(40, 'Household Tools and Devices', 'Anywhere'),
(41, 'Household Tools and Devices', 'Anywhere'),
(42, 'Household Tools and Devices', 'Anywhere'),
(43, 'Household Tools and Devices', 'Anywhere'),
(44, 'Household Tools and Devices', 'Anywhere'),
(45, 'Household Tools and Devices', 'Anywhere'),
(46, 'Household Tools and Devices', 'Anywhere'),
(47, 'Household Tools and Devices', 'Anywhere'),
(48, 'Household Tools and Devices', 'Anywhere'),
(49, 'Household Tools and Devices', 'Anywhere'),
(50, 'Household Tools and Devices', 'Anywhere'),
(51, 'Household Tools and Devices', 'Anywhere'),
(52, 'Household Tools and Devices', 'Anywhere'),
(53, 'Light Appliances', 'Anywhere'),
(54, 'Light Appliances', 'Anywhere'),
(55, 'Light Appliances', 'Anywhere'),
(56, 'Light Appliances', 'Anywhere'),
(57, 'Light Appliances', 'Anywhere'),
(58, 'Light Appliances', 'Anywhere'),
(59, 'Entertainment Appliances', 'Anywhere'),
(60, 'Entertainment Appliances', 'Anywhere'),
(61, 'Entertainment Appliances', 'Anywhere'),
(62, 'Entertainment Appliances', 'Anywhere'),
(63, 'Entertainment Appliances', 'Anywhere'),
(64, 'Entertainment Appliances', 'Anywhere'),
(65, 'Entertainment Appliances', 'Anywhere'),
(66, 'Entertainment Appliances', 'Anywhere'),
(67, 'Entertainment Appliances', 'Anywhere'),
(68, 'Entertainment Appliances', 'Anywhere'),
(69, 'Entertainment Appliances', 'Anywhere'),
(70, 'Entertainment Appliances', 'Anywhere'),
(71, 'Entertainment Appliances', 'Anywhere'),
(72, 'Entertainment Appliances', 'Anywhere'),
(73, 'Entertainment Appliances', 'Anywhere'),
(74, 'Entertainment Appliances', 'Anywhere'),
(75, 'Entertainment Appliances', 'Anywhere'),
(76, 'Entertainment Appliances', 'Anywhere'),
(77, 'Entertainment Appliances', 'Anywhere'),
(78, 'Office Appliances', 'Anywhere'),
(79, 'Office Appliances', 'Anywhere'),
(80, 'Office Appliances', 'Anywhere'),
(81, 'Office Appliances', 'Anywhere'),
(82, 'Office Appliances', 'Anywhere'),
(83, 'Office Appliances', 'Anywhere'),
(84, 'Entertainment Appliances', 'Anywhere'),
(85, 'household appliances', 'Anywhere'),
(86, 'household appliances', 'Anywhere'),
(87, 'household appliances', 'Anywhere'),
(88, 'household appliances', 'Anywhere'),
(89, 'household appliances', 'Kitchen'),
(90, 'household appliances', 'Kitchen'),
(91, 'household appliances', 'Kitchen'),
(92, 'household appliances', 'Kitchen'),
(93, 'household appliances', 'Kitchen'),
(94, 'Heating and Cooling Appliances', 'Anywhere'),
(95, 'Heating and Cooling Appliances', 'Anywhere'),
(96, 'Heating and Cooling Appliances', 'Anywhere'),
(97, 'household appliances', 'Kitchen'),
(98, 'household appliances', 'Kitchen'),
(99, 'Office Appliances', 'Anywhere'),
(100, 'Office Appliances', 'Anywhere'),
(101, 'Office Appliances', 'Anywhere'),
(102, 'Office Appliances', 'Anywhere'),
(103, 'Office Appliances', 'Anywhere'),
(104, 'Office Appliances', 'Anywhere'),
(105, 'Office Appliances', 'Anywhere'),
(106, 'Office Appliances', 'Anywhere'),
(107, 'household appliances', 'Anywhere'),
(108, 'household appliances', 'Anywhere'),
(109, 'Heating and Cooling Appliances', 'Anywhere'),
(110, 'household appliances', 'Anywhere'),
(111, 'Heating and Cooling Appliances', 'Anywhere'),
(112, 'Household Tools and Devices', 'Kitchen'),
(113, 'household appliances', 'Bathroom'),
(114, 'Entertainment Appliances', 'Anywhere'),
(115, 'Office Appliances', 'Anywhere'),
(116, 'household appliances', 'Kitchen'),
(117, 'Heating and Cooling Appliances', 'Anywhere'),
(118, 'Household Tools and Devices', 'Bathroom'),
(119, 'Light Appliances', 'Anywhere'),
(120, 'Entertainment Appliances', 'Anywhere'),
(121, 'Office Appliances', 'Anywhere'),
(122, 'household appliances', 'Kitchen'),
(123, 'Heating and Cooling Appliances', 'Bathroom'),
(124, 'household appliances', 'Kitchen');


CREATE TABLE `devicedetails` (
  `DeviceID` int NOT NULL,
  `DeviceName` varchar(80) DEFAULT NULL,
  `Manufacturer` varchar(80) DEFAULT NULL,
  `EnergyRating` varchar(4) DEFAULT NULL,
  `PowerConsumption (per Hour)` double DEFAULT NULL,
  PRIMARY KEY (`DeviceID`),
  CONSTRAINT `deviceID` FOREIGN KEY (`DeviceID`) REFERENCES `device` (`DeviceID`) ON DELETE RESTRICT ON UPDATE RESTRICT
);
INSERT INTO devicedetails VALUES
(1, '630 LITER REFRIGERATOR', 'Whirlpool', 'A+', 44),
(2, 'mini Refrigerator', 'Whirlpool', 'A', 12.5),
(3, '490 LITER NO-FROST REFRIGERATOR', 'Whirlpool', 'A', 33),
(4, 'Deep Freezer', 'Vestel', 'B', 19),
(5, 'Deep Freezer', 'Bosch', 'A', 15),
(6, 'Microwave', 'Bosch', 'A+', 800),
(7, 'Microwave', 'Vestel', 'A', 900),
(8, 'Electric Oven', 'Vestel', 'A', 2500),
(9, 'Electric Oven', 'Whirlpool', 'B', 3500),
(10, 'Dishwasher', 'Vestel', 'A', 800),
(11, 'Dishwasher', 'Vestel', 'B', 1000),
(12, 'Blender', 'Avis', 'B', 650),
(13, 'Blender', 'Korkmaz', 'A', 500),
(14, 'Toaster', 'Beko', 'A', 1200),
(15, 'Toaster', 'Avis', 'A+', 900),
(16, 'Toaster', 'Bosch', 'B', 1500),
(17, 'Coffee Machine', 'Avis', 'A', 700),
(18, 'Kettle', 'Vestel', 'A', 1500),
(19, 'Kettle', 'Whirlpool', 'B', 2000),
(20, 'Air Fryer', 'Philips', 'B', 2225),
(21, 'Air Fryer', 'Xiaomi', 'A', 1500),
(22, 'Bread Maker', 'Vestel', 'A', 960),
(23, 'aspirator', 'Beko', 'A', 181),
(24, 'Blow Dryer', 'Dyson', 'A', 1600),
(25, 'Blow Dryer', 'Philips', 'B', 2300),
(26, 'Curling Iron', 'Avis', 'A', 1200),
(27, 'Towel Warmer', 'StateRiver', 'A', 500),
(28, 'Electric Shaver', 'Avis', 'A', 6),
(29, 'Central Air Conditioner', 'Vestel', 'A', 900),
(30, 'Central Air Conditioner', 'Samsung', 'B', 1800),
(31, 'Central Air Conditioner', 'Whirlpool', 'B', 1600),
(32, 'Window Air Conditioner', 'Vestel', 'A', 600),
(33, 'Space Heater', 'Avis', 'B', 1500),
(34, 'fan blower', 'Philips', 'A', 75),
(35, 'Ceiling Fan', 'Samsung', 'B', 60),
(36, 'Electric Tankless Water Heater', 'Vestel', 'A', 9000),
(37, 'Electric Tankless Water Heater', 'Avis', 'B', 17000),
(38, 'Electric Water Heater', 'Vestel', 'A', 3000),
(39, 'Vacuum', 'Vestel', 'A', 750),
(40, 'Vacuum', 'Philips', 'B', 1200),
(41, 'Lawn Mower', 'Bosch', 'B', 1200),
(42, 'Chain Saw', 'Bosch', 'A', 1800),
(43, 'Disc Sander', 'Bosch', 'A', 400),
(44, 'Weed Trimmer', 'Avis', 'A', 500),
(45, 'Drill', 'Samsung', 'A', 600),
(46, 'CCTV Camera', 'Vestel', 'A', 24),
(47, 'Burglar Alarm', 'Bosch', 'A', 8),
(48, 'Humidifier', 'Philips', 'B', 11),
(49, 'Dehumidifier', 'Vestel', 'B', 40),
(50, 'Air Purifier', 'Xiaomi', 'A', 50),
(51, 'Sewing Machine', 'Philips', 'B', 750),
(52, 'Electric Blanket', 'Samsung', 'A', 65),
(53, 'Incandescent Light Bulbs 40 Watt', 'Tekfen', 'A', 40),
(54, 'Incandescent Light Bulbs 60 Watt', 'Tekfen', 'A', 60),
(55, 'Incandescent Light Bulbs 100 Watt', 'Tekfen', 'B', 100),
(56, 'LED Light Bulbs', 'Philips', 'A', 10),
(57, '1? LED Light Strips', 'Philips', 'B', 16),
(58, 'Fluorescent Lamp', 'Philips', 'A', 35),
(59, '22\'\' Led TV', 'Whirlpool', 'A', 17),
(60, '25\'\' Led TV', 'Whirlpool', 'A', 19),
(61, '42\'\' Led TV', 'Whirlpool', 'A', 58),
(62, '46\'\' Led TV', 'Whirlpool', 'A', 60),
(63, '49\'\' Led TV', 'Whirlpool', 'A', 85),
(64, '55\'\' Led TV', 'Whirlpool', 'A', 116),
(65, '65\'\' Led TV', 'Whirlpool', 'A', 120),
(66, '82\'\' Led TV', 'Whirlpool', 'A', 228),
(67, 'Playstation 4', 'Samsung', 'A', 160),
(68, 'Playstation 5', 'Samsung', 'A', 200),
(69, 'Projector', 'Xiaomi', 'A', 56),
(70, 'Gaming Desktop Computer', 'Lenovo', 'A', 250),
(71, 'Gaming Desktop Computer', 'Samsung', 'B', 350),
(72, 'DVD Player', 'Philips', 'A', 15),
(73, 'Bluray Player', 'Philips', 'A', 15),
(74, 'Laptop Computer', 'Whirlpool', 'A', 75),
(75, 'Laptop Computer', 'Samsung', 'B', 100),
(76, 'Tablet Charger', 'Philips', 'A', 15),
(77, 'Phone Charger', 'Samsung', 'A', 8),
(78, 'Modem', 'Asus', 'A', 7),
(79, 'Modem', 'Samsung', 'B', 15),
(80, 'Paper Shredder', 'Samsung', 'A', 150),
(81, 'Printer', 'Samsung', 'A', 100),
(82, 'Printer', 'Whirlpool', 'B', 160),
(83, 'Router', 'Samsung', 'B', 8),
(84, 'Smart TV', 'LG', 'A+', 150),
(85, 'Washing Machine', 'Beko', 'A++', 1000),
(86, 'Hair Straightener', 'Philips', 'A', 150),
(87, 'Steam Iron', 'Whirlpool', 'A+', 2400),
(88, 'Vacuum Cleaner', 'Dyson', 'A', 600),
(89, 'Hand Mixer', 'Bosch', 'A', 350),
(90, 'Food Processor', 'Moulinex', 'A+', 800),
(91, 'Rice Cooker', 'Avis', 'A', 750),
(92, 'Slow Cooker', 'Crock-Pot', 'A', 250),
(93, 'Electric Kettle', 'Whirlpool', 'A++', 1500),
(94, 'Stand Fan', 'Vestel', 'A', 50),
(95, 'Portable Heater', 'Honeywell', 'B', 2000),
(96, 'Air Conditioner', 'LG', 'A++', 2200),
(97, 'Espresso Machine', 'DeLonghi', 'A', 1100),
(98, 'Waffle Maker', 'KitchenAid', 'A', 1200),
(99, 'Desktop Computer', 'Dell', 'A', 200),
(100, 'Desktop Computer', 'Dell', 'A', 200),
(101, 'Desktop Computer', 'Dell', 'A', 200),
(102, 'Desktop Computer', 'Dell', 'A', 200),
(103, 'Desktop Computer', 'Dell', 'A', 200),
(104, 'Desktop Computer', 'Dell', 'A', 200),
(105, 'Desktop Computer', 'Dell', 'A', 200),
(106, 'Desktop Computer', 'Dell', 'A', 200),
(107, 'Water Dispenser', 'Whirlpool', 'A+', 100),
(108, 'Refrigerator', 'Whirlpool', 'A+', 44),
(109, 'Air Conditioner', 'Beko', 'A++', 2200),
(110, 'Washing Machine', 'Bosch', 'A++', 500),
(111, 'Air Purifier', 'Philips', 'A+', 35),
(112, 'Blender', 'Braun', 'A', 300),
(113, 'Hair Dryer', 'Dyson', 'A', 1600),
(114, 'Television', 'Samsung', 'A+', 150),
(115, 'Laptop', 'HP', 'A', 45),
(116, 'Microwave Oven', 'LG', 'A+', 800),
(117, 'Air Conditioner', 'Daikin', 'A++', 1500),
(118, 'Vacuum Cleaner', 'Dyson', 'A', 250),
(119, 'Desk Lamp', 'Ikea', 'A++', 10),
(120, 'Gaming Console', 'Sony', 'A', 180),
(121, 'Printer', 'Canon', 'A', 600),
(122, 'Dishwasher', 'Siemens', 'A++', 1200),
(123, 'Electric Heater', 'Whirlpool', 'B', 2000),
(124, 'Coffee Maker', 'Nespresso', 'A', 1260);


CREATE TABLE `meter` (
  `meterID` int NOT NULL AUTO_INCREMENT,
  `type` varchar(45) DEFAULT NULL,
  `location` varchar(45) DEFAULT NULL,
  PRIMARY KEY (`meterID`)
);
INSERT INTO meter (meterID, type, location) VALUES
(1, 'Home', 'Mysuru'),
(2, 'Business', 'Bengaluru'),
(3, 'Home', 'Tumakuru'),
(4, 'Business', 'Tumakuru'),
(5, 'Home', 'Bengaluru'),
(6, 'Home', 'Bengaluru'),
(7, 'Home', 'Udupi'),
(8, 'Business', 'Bengaluru'),
(9, 'Business', 'Udupi');

CREATE TABLE `usages` (
  `userID` int NOT NULL,
  `deviceID` int NOT NULL,
  `meterID` int NOT NULL,
  `date` date NOT NULL,
  `usageAmount` float DEFAULT NULL,
  PRIMARY KEY (`userID`,`deviceID`,`meterID`,`date`),
  KEY `meterID_idx` (`meterID`),
  KEY `deviceIDD_idx` (`deviceID`),
  CONSTRAINT `deviceIDD` FOREIGN KEY (`deviceID`) REFERENCES `device` (`DeviceID`) ON DELETE RESTRICT ON UPDATE RESTRICT,
  CONSTRAINT `meterID` FOREIGN KEY (`meterID`) REFERENCES `meter` (`meterID`),
  CONSTRAINT `userID` FOREIGN KEY (`userID`) REFERENCES `users` (`ID`)
);

INSERT INTO `usages` VALUES (10001,2,2,'2024-01-01',24),(10001,2,2,'2024-01-02',24),(10001,2,2,'2024-01-03',24),(10001,2,2,'2024-01-04',24),(10001,2,2,'2024-01-05',24),(10001,2,2,'2024-01-06',24),(10001,2,2,'2024-01-07',24),(10001,2,2,'2024-01-08',24),(10001,2,2,'2024-01-09',24),(10001,2,2,'2024-01-10',24),(10001,2,2,'2024-01-11',24),(10001,2,2,'2024-01-12',24),(10001,2,2,'2024-01-13',24),(10001,2,2,'2024-01-14',24),(10001,2,2,'2024-01-15',24),(10001,2,2,'2024-01-16',24),(10001,2,2,'2024-01-17',24),(10001,2,2,'2024-01-18',24),(10001,2,2,'2024-01-19',24),(10001,2,2,'2024-01-20',24),(10001,2,2,'2024-01-21',24),(10001,2,2,'2024-01-22',24),(10001,2,2,'2024-01-23',24),(10001,2,2,'2024-01-24',24),(10001,2,2,'2024-01-25',24),(10001,2,2,'2024-01-26',24),(10001,2,2,'2024-01-27',24),(10001,2,2,'2024-01-28',24),(10001,2,2,'2024-01-29',24),(10001,2,2,'2024-01-30',24),(10001,2,2,'2024-01-31',24),(10001,2,2,'2024-02-01',24),(10001,2,2,'2024-02-02',24),(10001,2,2,'2024-02-03',24),(10001,2,2,'2024-02-04',24),(10001,2,2,'2024-02-05',24),(10001,2,2,'2024-02-06',24),(10001,2,2,'2024-02-07',24),(10001,2,2,'2024-02-08',24),(10001,2,2,'2024-02-09',24),(10001,2,2,'2024-02-10',24),(10001,2,2,'2024-02-11',24),(10001,2,2,'2024-02-12',24),(10001,2,2,'2024-02-13',24),(10001,2,2,'2024-02-14',24),(10001,2,2,'2024-02-15',24),(10001,2,2,'2024-02-16',24),(10001,2,2,'2024-02-17',24),(10001,2,2,'2024-02-18',24),(10001,2,2,'2024-02-19',24),(10001,2,2,'2024-02-20',24),(10001,2,2,'2024-02-21',24),(10001,2,2,'2024-02-22',24),(10001,2,2,'2024-02-23',24),(10001,2,2,'2024-02-24',24),(10001,2,2,'2024-02-25',24),(10001,2,2,'2024-02-26',24),(10001,2,2,'2024-02-27',24),(10001,2,2,'2024-02-28',24),(10001,2,2,'2024-02-29',24),(10001,3,1,'2024-01-01',24),(10001,3,1,'2024-01-02',24),(10001,3,1,'2024-01-03',24),(10001,3,1,'2024-01-04',24),(10001,3,1,'2024-01-05',24),(10001,3,1,'2024-01-06',24),(10001,3,1,'2024-01-07',24),(10001,3,1,'2024-01-08',24),(10001,3,1,'2024-01-09',24),(10001,3,1,'2024-01-10',24),(10001,3,1,'2024-01-11',24),(10001,3,1,'2024-01-12',24),(10001,3,1,'2024-01-13',24),(10001,3,1,'2024-01-14',24),(10001,3,1,'2024-01-15',24),(10001,3,1,'2024-01-16',24),(10001,3,1,'2024-01-17',24),(10001,3,1,'2024-01-18',24),(10001,3,1,'2024-01-19',24),(10001,3,1,'2024-01-20',24),(10001,3,1,'2024-01-21',24),(10001,3,1,'2024-01-22',24),(10001,3,1,'2024-01-23',24),(10001,3,1,'2024-01-24',24),(10001,3,1,'2024-01-25',24),(10001,3,1,'2024-01-26',24),(10001,3,1,'2024-01-27',24),(10001,3,1,'2024-01-28',24),(10001,3,1,'2024-01-29',24),(10001,3,1,'2024-01-30',24),(10001,3,1,'2024-01-31',24),(10001,3,1,'2024-02-01',24),(10001,3,1,'2024-02-02',24),(10001,3,1,'2024-02-03',24),(10001,3,1,'2024-02-04',24),(10001,3,1,'2024-02-05',24),(10001,3,1,'2024-02-06',24),(10001,3,1,'2024-02-07',24),(10001,3,1,'2024-02-08',24),(10001,3,1,'2024-02-09',24),(10001,3,1,'2024-02-10',24),(10001,3,1,'2024-02-11',24),(10001,3,1,'2024-02-12',24),(10001,3,1,'2024-02-13',24),(10001,3,1,'2024-02-14',24),(10001,3,1,'2024-02-15',24),(10001,3,1,'2024-02-16',24),(10001,3,1,'2024-02-17',24),(10001,3,1,'2024-02-18',24),(10001,3,1,'2024-02-19',24),(10001,3,1,'2024-02-20',24),(10001,3,1,'2024-02-21',24),(10001,3,1,'2024-02-22',24),(10001,3,1,'2024-02-23',24),(10001,3,1,'2024-02-24',24),(10001,3,1,'2024-02-25',24),(10001,3,1,'2024-02-26',24),(10001,3,1,'2024-02-27',24),(10001,3,1,'2024-02-28',24),(10001,3,1,'2024-02-29',24),(10001,4,1,'2024-01-01',24),(10001,4,1,'2024-01-02',24),(10001,4,1,'2024-01-03',24),(10001,4,1,'2024-01-04',24),(10001,4,1,'2024-01-05',24),(10001,4,1,'2024-01-06',24),(10001,4,1,'2024-01-07',24),(10001,4,1,'2024-01-08',24),(10001,4,1,'2024-01-09',24),(10001,4,1,'2024-01-10',24),(10001,4,1,'2024-01-11',24),(10001,4,1,'2024-01-12',24),(10001,4,1,'2024-01-13',24),(10001,4,1,'2024-01-14',24),(10001,4,1,'2024-01-15',24),(10001,4,1,'2024-01-16',24),(10001,4,1,'2024-01-17',24),(10001,4,1,'2024-01-18',24),(10001,4,1,'2024-01-19',24),(10001,4,1,'2024-01-20',24),(10001,4,1,'2024-01-21',24),(10001,4,1,'2024-01-22',24),(10001,4,1,'2024-01-23',24),(10001,4,1,'2024-01-24',24),(10001,4,1,'2024-01-25',24),(10001,4,1,'2024-01-26',24),(10001,4,1,'2024-01-27',24),(10001,4,1,'2024-01-28',24),(10001,4,1,'2024-01-29',24),(10001,4,1,'2024-01-30',24),(10001,4,1,'2024-01-31',24),(10001,4,1,'2024-02-01',24),(10001,4,1,'2024-02-02',24),(10001,4,1,'2024-02-03',24),(10001,4,1,'2024-02-04',24),(10001,4,1,'2024-02-05',24),(10001,4,1,'2024-02-06',24),(10001,4,1,'2024-02-07',24),(10001,4,1,'2024-02-08',24),(10001,4,1,'2024-02-09',24),(10001,4,1,'2024-02-10',24),(10001,4,1,'2024-02-11',24),(10001,4,1,'2024-02-12',24),(10001,4,1,'2024-02-13',24),(10001,4,1,'2024-02-14',24),(10001,4,1,'2024-02-15',24),(10001,4,1,'2024-02-16',24),(10001,4,1,'2024-02-17',24),(10001,4,1,'2024-02-18',24),(10001,4,1,'2024-02-19',24),(10001,4,1,'2024-02-20',24),(10001,4,1,'2024-02-21',24),(10001,4,1,'2024-02-22',24),(10001,4,1,'2024-02-23',24),(10001,4,1,'2024-02-24',24),(10001,4,1,'2024-02-25',24),(10001,4,1,'2024-02-26',24),(10001,4,1,'2024-02-27',24),(10001,4,1,'2024-02-28',24),(10001,4,1,'2024-02-29',24),(10001,7,1,'2024-01-01',1),(10001,7,1,'2024-01-02',0.2),(10001,7,1,'2024-01-03',0.3),(10001,7,1,'2024-01-04',0.1),(10001,7,1,'2024-01-05',0.03),(10001,7,1,'2024-01-06',0.02),(10001,7,1,'2024-01-07',0.015),(10001,7,1,'2024-01-08',0.013),(10001,7,1,'2024-01-09',0.02),(10001,7,1,'2024-01-10',0.022),(10001,7,1,'2024-01-11',0.032),(10001,7,1,'2024-01-12',0.042),(10001,7,1,'2024-01-13',0.055),(10001,7,1,'2024-01-14',0.02),(10001,7,1,'2024-01-15',0.045),(10001,7,1,'2024-01-16',0.04),(10001,7,1,'2024-01-17',0.038),(10001,7,1,'2024-01-18',0.037),(10001,7,1,'2024-01-19',0.036),(10001,7,1,'2024-01-20',0.035),(10001,7,1,'2024-01-21',0.035),(10001,7,1,'2024-01-22',0.036),(10001,7,1,'2024-01-23',0.037),(10001,7,1,'2024-01-24',0.038),(10001,7,1,'2024-01-25',0.039),(10001,7,1,'2024-01-26',0.04),(10001,7,1,'2024-01-27',0.039),(10001,7,1,'2024-01-28',0.038),(10001,7,1,'2024-01-29',0.037),(10001,7,1,'2024-01-30',0.036),(10001,7,1,'2024-01-31',0.035),(10001,7,1,'2024-02-01',0.04),(10001,7,1,'2024-02-02',0.038),(10001,7,1,'2024-02-03',0.035),(10001,7,1,'2024-02-04',0.042),(10001,7,1,'2024-02-05',0.037),(10001,7,1,'2024-02-06',0.035),(10001,7,1,'2024-02-07',0.038),(10001,7,1,'2024-02-08',0.034),(10001,7,1,'2024-02-09',0.037),(10001,7,1,'2024-02-10',0.032),(10001,7,1,'2024-02-11',0.03),(10001,7,1,'2024-02-12',0.034),(10001,7,1,'2024-02-13',0.028),(10001,7,1,'2024-02-14',0.029),(10001,7,1,'2024-02-15',0.031),(10001,7,1,'2024-02-16',0.033),(10001,7,1,'2024-02-17',0.032),(10001,7,1,'2024-02-18',0.031),(10001,7,1,'2024-02-19',0.03),(10001,7,1,'2024-02-20',0.029),(10001,7,1,'2024-02-21',0.03),(10001,7,1,'2024-02-22',0.029),(10001,7,1,'2024-02-23',0.031),(10001,7,1,'2024-02-24',0.03),(10001,7,1,'2024-02-25',0.029),(10001,7,1,'2024-02-26',0.031),(10001,7,1,'2024-02-27',0.029),(10001,7,1,'2024-02-28',0.03),(10001,7,1,'2024-02-29',0.03),(10001,8,1,'2024-01-01',2),(10001,8,1,'2024-01-02',1),(10001,8,1,'2024-01-03',0),(10001,8,1,'2024-01-04',2),(10001,8,1,'2024-01-05',1),(10001,8,1,'2024-01-06',0.9),(10001,8,1,'2024-01-07',1.1),(10001,8,1,'2024-01-08',1.3),(10001,8,1,'2024-01-09',1.6),(10001,8,1,'2024-01-10',1.7),(10001,8,1,'2024-01-11',1.2),(10001,8,1,'2024-01-12',2.3),(10001,8,1,'2024-01-13',2.5),(10001,8,1,'2024-01-14',1.8),(10001,8,1,'2024-01-15',2.1),(10001,8,1,'2024-01-16',2.2),(10001,8,1,'2024-01-17',2.1),(10001,8,1,'2024-01-18',2.2),(10001,8,1,'2024-01-19',2.1),(10001,8,1,'2024-01-20',2),(10001,8,1,'2024-01-21',2),(10001,8,1,'2024-01-22',2.1),(10001,8,1,'2024-01-23',2.2),(10001,8,1,'2024-01-24',2.3),(10001,8,1,'2024-01-25',2.4),(10001,8,1,'2024-01-26',2.5),(10001,8,1,'2024-01-27',2.6),(10001,8,1,'2024-01-28',2.7),(10001,8,1,'2024-01-29',2.8),(10001,8,1,'2024-01-30',2.9),(10001,8,1,'2024-01-31',3),(10001,8,1,'2024-02-01',2.7),(10001,8,1,'2024-02-02',2.6),(10001,8,1,'2024-02-03',2.8),(10001,8,1,'2024-02-04',2.9),(10001,8,1,'2024-02-05',2.7),(10001,8,1,'2024-02-06',2.8),(10001,8,1,'2024-02-07',2.6),(10001,8,1,'2024-02-08',2.7),(10001,8,1,'2024-02-09',2.8),(10001,8,1,'2024-02-10',3.2),(10001,8,1,'2024-02-11',3.3),(10001,8,1,'2024-02-12',3.1),(10001,8,1,'2024-02-13',3.4),(10001,8,1,'2024-02-14',3.5),(10001,8,1,'2024-02-15',3.6),(10001,8,1,'2024-02-16',3),(10001,8,1,'2024-02-17',3.2),(10001,8,1,'2024-02-18',3.1),(10001,8,1,'2024-02-19',3.4),(10001,8,1,'2024-02-20',3.3),(10001,8,1,'2024-02-21',3.5),(10001,8,1,'2024-02-22',3.4),(10001,8,1,'2024-02-23',3.6),(10001,8,1,'2024-02-24',3.5),(10001,8,1,'2024-02-25',3.4),(10001,8,1,'2024-02-26',3.6),(10001,8,1,'2024-02-27',3.3),(10001,8,1,'2024-02-28',3.4),(10001,8,1,'2024-02-29',3.5),(10001,12,1,'2024-01-01',0.15),(10001,12,1,'2024-01-02',0.1),(10001,12,1,'2024-01-03',0.12),(10001,12,1,'2024-01-04',0.01),(10001,12,1,'2024-01-05',0.01),(10001,12,1,'2024-01-06',0.01),(10001,12,1,'2024-01-07',0.01),(10001,12,1,'2024-01-08',0.011),(10001,12,1,'2024-01-09',0.013),(10001,12,1,'2024-01-10',0.015),(10001,12,1,'2024-01-11',0.015),(10001,12,1,'2024-01-12',0.025),(10001,12,1,'2024-01-13',0.045),(10001,12,1,'2024-01-14',0.012),(10001,12,1,'2024-01-15',0.018),(10001,12,1,'2024-01-16',0.017),(10001,12,1,'2024-01-17',0.016),(10001,12,1,'2024-01-18',0.015),(10001,12,1,'2024-01-19',0.014),(10001,12,1,'2024-01-20',0.013),(10001,12,1,'2024-01-21',0.014),(10001,12,1,'2024-01-22',0.015),(10001,12,1,'2024-01-23',0.016),(10001,12,1,'2024-01-24',0.017),(10001,12,1,'2024-01-25',0.018),(10001,12,1,'2024-01-26',0.019),(10001,12,1,'2024-01-27',0.018),(10001,12,1,'2024-01-28',0.017),(10001,12,1,'2024-01-29',0.016),(10001,12,1,'2024-01-30',0.015),(10001,12,1,'2024-01-31',0.014),(10001,12,1,'2024-02-01',0.013),(10001,12,1,'2024-02-02',0.014),(10001,12,1,'2024-02-03',0.015),(10001,12,1,'2024-02-04',0.016),(10001,12,1,'2024-02-05',0.018),(10001,12,1,'2024-02-06',0.019),(10001,12,1,'2024-02-07',0.02),(10001,12,1,'2024-02-08',0.021),(10001,12,1,'2024-02-09',0.019),(10001,12,1,'2024-02-10',0.014),(10001,12,1,'2024-02-11',0.015),(10001,12,1,'2024-02-12',0.016),(10001,12,1,'2024-02-13',0.017),(10001,12,1,'2024-02-14',0.018),(10001,12,1,'2024-02-15',0.02),(10001,12,1,'2024-02-16',0.013),(10001,12,1,'2024-02-17',0.014),(10001,12,1,'2024-02-18',0.015),(10001,12,1,'2024-02-19',0.016),(10001,12,1,'2024-02-20',0.014),(10001,12,1,'2024-02-21',0.015),(10001,12,1,'2024-02-22',0.014),(10001,12,1,'2024-02-23',0.016),(10001,12,1,'2024-02-24',0.015),(10001,12,1,'2024-02-25',0.014),(10001,12,1,'2024-02-26',0.016),(10001,12,1,'2024-02-27',0.014),(10001,12,1,'2024-02-28',0.015),(10001,12,1,'2024-02-29',0.015),(10001,14,2,'2024-01-01',0.25),(10001,14,2,'2024-01-02',0.3),(10001,14,2,'2024-01-03',0.16),(10001,14,2,'2024-01-04',0.2),(10001,14,2,'2024-01-05',0.4),(10001,14,2,'2024-01-06',0.1),(10001,14,2,'2024-01-07',0.12),(10001,14,2,'2024-01-08',0.1),(10001,14,2,'2024-01-09',0.15),(10001,14,2,'2024-01-10',0.14),(10001,14,2,'2024-01-11',0.16),(10001,14,2,'2024-01-12',0.17),(10001,14,2,'2024-01-13',0.18),(10001,14,2,'2024-01-14',0.2),(10001,14,2,'2024-01-15',0.2),(10001,14,2,'2024-01-16',0.25),(10001,14,2,'2024-01-17',0.2),(10001,14,2,'2024-01-18',0.15),(10001,14,2,'2024-01-19',0.2),(10001,14,2,'2024-01-20',0.1),(10001,14,2,'2024-01-21',0.08),(10001,14,2,'2024-01-22',0.05),(10001,14,2,'2024-01-23',0.03),(10001,14,2,'2024-01-24',0.1),(10001,14,2,'2024-01-25',0.08),(10001,14,2,'2024-01-26',0.12),(10001,14,2,'2024-01-27',0.15),(10001,14,2,'2024-01-28',0.12),(10001,14,2,'2024-01-29',0.18),(10001,14,2,'2024-01-30',0.16),(10001,14,2,'2024-01-31',0.14),(10001,14,2,'2024-02-01',0.18),(10001,14,2,'2024-02-02',0.16),(10001,14,2,'2024-02-03',0.14),(10001,14,2,'2024-02-04',0.12),(10001,14,2,'2024-02-05',0.1),(10001,14,2,'2024-02-06',0.16),(10001,14,2,'2024-02-07',0.18),(10001,14,2,'2024-02-08',0.2),(10001,14,2,'2024-02-09',0.22),(10001,14,2,'2024-02-10',0.24),(10001,14,2,'2024-02-11',0.22),(10001,14,2,'2024-02-12',0.2),(10001,14,2,'2024-02-13',0.18),(10001,14,2,'2024-02-14',0.16),(10001,14,2,'2024-02-15',0.14),(10001,14,2,'2024-02-16',0.12),(10001,14,2,'2024-02-17',0.1),(10001,14,2,'2024-02-18',0.08),(10001,14,2,'2024-02-19',0.06),(10001,14,2,'2024-02-20',0.04),(10001,14,2,'2024-02-21',0.16),(10001,14,2,'2024-02-22',0.12),(10001,14,2,'2024-02-23',0.08),(10001,14,2,'2024-02-24',0.04),(10001,14,2,'2024-02-25',0.02),(10001,14,2,'2024-02-26',0.03),(10001,14,2,'2024-02-27',0.04),(10001,14,2,'2024-02-28',0.05),(10001,14,2,'2024-02-29',0.06),(10001,17,2,'2024-01-01',0.5),(10001,17,2,'2024-01-02',0.8),(10001,17,2,'2024-01-03',0.6),(10001,17,2,'2024-01-04',0.6),(10001,17,2,'2024-01-05',1),(10001,17,2,'2024-01-06',0.5),(10001,17,2,'2024-01-07',0.55),(10001,17,2,'2024-01-08',0.5),(10001,17,2,'2024-01-09',0.6),(10001,17,2,'2024-01-10',0.55),(10001,17,2,'2024-01-11',0.65),(10001,17,2,'2024-01-12',0.7),(10001,17,2,'2024-01-13',0.75),(10001,17,2,'2024-01-14',0.8),(10001,17,2,'2024-01-15',0.8),(10001,17,2,'2024-01-16',0.8),(10001,17,2,'2024-01-17',0.7),(10001,17,2,'2024-01-18',0.6),(10001,17,2,'2024-01-19',0.5),(10001,17,2,'2024-01-20',1),(10001,17,2,'2024-01-21',0.4),(10001,17,2,'2024-01-22',0.3),(10001,17,2,'2024-01-23',0.2),(10001,17,2,'2024-01-24',0.5),(10001,17,2,'2024-01-25',0.4),(10001,17,2,'2024-01-26',0.6),(10001,17,2,'2024-01-27',0.7),(10001,17,2,'2024-01-28',0.6),(10001,17,2,'2024-01-29',0.8),(10001,17,2,'2024-01-30',0.7),(10001,17,2,'2024-01-31',0.6),(10001,17,2,'2024-02-01',0.7),(10001,17,2,'2024-02-02',0.6),(10001,17,2,'2024-02-03',0.5),(10001,17,2,'2024-02-04',0.4),(10001,17,2,'2024-02-05',0.3),(10001,17,2,'2024-02-06',0.6),(10001,17,2,'2024-02-07',0.7),(10001,17,2,'2024-02-08',0.8),(10001,17,2,'2024-02-09',0.9),(10001,17,2,'2024-02-10',1),(10001,17,2,'2024-02-11',0.95),(10001,17,2,'2024-02-12',0.9),(10001,17,2,'2024-02-13',0.8),(10001,17,2,'2024-02-14',0.7),(10001,17,2,'2024-02-15',0.6),(10001,17,2,'2024-02-16',0.5),(10001,17,2,'2024-02-17',0.45),(10001,17,2,'2024-02-18',0.4),(10001,17,2,'2024-02-19',0.35),(10001,17,2,'2024-02-20',0.3),(10001,17,2,'2024-02-21',0.65),(10001,17,2,'2024-02-22',0.55),(10001,17,2,'2024-02-23',0.45),(10001,17,2,'2024-02-24',0.35),(10001,17,2,'2024-02-25',0.25),(10001,17,2,'2024-02-26',0.23),(10001,17,2,'2024-02-27',0.2),(10001,17,2,'2024-02-28',0.18),(10001,17,2,'2024-02-29',0.15),(10001,18,1,'2024-01-01',0.1),(10001,18,1,'2024-01-02',0.12),(10001,18,1,'2024-01-03',0.1),(10001,18,1,'2024-01-04',0.02),(10001,18,1,'2024-01-05',0.04),(10001,18,1,'2024-01-06',0.03),(10001,18,1,'2024-01-07',0.028),(10001,18,1,'2024-01-08',0.0305),(10001,18,1,'2024-01-09',0.031),(10001,18,1,'2024-01-10',0.032),(10001,18,1,'2024-01-11',0.0325),(10001,18,1,'2024-01-12',0.035),(10001,18,1,'2024-01-13',0.038),(10001,18,1,'2024-01-14',0.026),(10001,18,1,'2024-01-15',0.038),(10001,18,1,'2024-01-16',0.037),(10001,18,1,'2024-01-17',0.036),(10001,18,1,'2024-01-18',0.035),(10001,18,1,'2024-01-19',0.034),(10001,18,1,'2024-01-20',0.033),(10001,18,1,'2024-01-21',0.033),(10001,18,1,'2024-01-22',0.034),(10001,18,1,'2024-01-23',0.035),(10001,18,1,'2024-01-24',0.036),(10001,18,1,'2024-01-25',0.037),(10001,18,1,'2024-01-26',0.038),(10001,18,1,'2024-01-27',0.037),(10001,18,1,'2024-01-28',0.036),(10001,18,1,'2024-01-29',0.035),(10001,18,1,'2024-01-30',0.034),(10001,18,1,'2024-01-31',0.033),(10001,18,1,'2024-02-01',0.032),(10001,18,1,'2024-02-02',0.03),(10001,18,1,'2024-02-03',0.034),(10001,18,1,'2024-02-04',0.035),(10001,18,1,'2024-02-05',0.033),(10001,18,1,'2024-02-06',0.034),(10001,18,1,'2024-02-07',0.03),(10001,18,1,'2024-02-08',0.032),(10001,18,1,'2024-02-09',0.033),(10001,18,1,'2024-02-10',0.045),(10001,18,1,'2024-02-11',0.044),(10001,18,1,'2024-02-12',0.043),(10001,18,1,'2024-02-13',0.046),(10001,18,1,'2024-02-14',0.047),(10001,18,1,'2024-02-15',0.048),(10001,18,1,'2024-02-16',0.042),(10001,18,1,'2024-02-17',0.043),(10001,18,1,'2024-02-18',0.044),(10001,18,1,'2024-02-19',0.041),(10001,18,1,'2024-02-20',0.042),(10001,18,1,'2024-02-21',0.041),(10001,18,1,'2024-02-22',0.043),(10001,18,1,'2024-02-23',0.042),(10001,18,1,'2024-02-24',0.041),(10001,18,1,'2024-02-25',0.043),(10001,18,1,'2024-02-26',0.042),(10001,18,1,'2024-02-27',0.042),(10001,18,1,'2024-02-28',0.041),(10001,18,1,'2024-02-29',0.041),(10001,27,1,'2024-01-01',2),(10001,27,1,'2024-01-02',3),(10001,27,1,'2024-01-03',4),(10001,27,1,'2024-01-04',7),(10001,27,1,'2024-01-05',4),(10001,27,1,'2024-01-06',4.2),(10001,27,1,'2024-01-07',4.5),(10001,27,1,'2024-01-08',4.7),(10001,27,1,'2024-01-09',4.8),(10001,27,1,'2024-01-10',4.9),(10001,27,1,'2024-01-11',6.1),(10001,27,1,'2024-01-12',6.8),(10001,27,1,'2024-01-13',6.5),(10001,27,1,'2024-01-14',5.2),(10001,27,1,'2024-01-15',7.3),(10001,27,1,'2024-01-16',7.1),(10001,27,1,'2024-01-17',7.2),(10001,27,1,'2024-01-18',7.3),(10001,27,1,'2024-01-19',7.4),(10001,27,1,'2024-01-20',7.5),(10001,27,1,'2024-01-21',7.5),(10001,27,1,'2024-01-22',7.4),(10001,27,1,'2024-01-23',7.3),(10001,27,1,'2024-01-24',7.2),(10001,27,1,'2024-01-25',7.1),(10001,27,1,'2024-01-26',7),(10001,27,1,'2024-01-27',7.1),(10001,27,1,'2024-01-28',7.2),(10001,27,1,'2024-01-29',7.3),(10001,27,1,'2024-01-30',7.4),(10001,27,1,'2024-01-31',7.5),(10001,27,1,'2024-02-01',7.8),(10001,27,1,'2024-02-02',7.7),(10001,27,1,'2024-02-03',7.6),(10001,27,1,'2024-02-04',7.9),(10001,27,1,'2024-02-05',7.8),(10001,27,1,'2024-02-06',7.7),(10001,27,1,'2024-02-07',7.6),(10001,27,1,'2024-02-08',7.5),(10001,27,1,'2024-02-09',7.7),(10001,27,1,'2024-02-10',8.3),(10001,27,1,'2024-02-11',8.5),(10001,27,1,'2024-02-12',8.1),(10001,27,1,'2024-02-13',8.6),(10001,27,1,'2024-02-14',8.8),(10001,27,1,'2024-02-15',9),(10001,27,1,'2024-02-16',8),(10001,27,1,'2024-02-17',8.2),(10001,27,1,'2024-02-18',8.3),(10001,27,1,'2024-02-19',8.1),(10001,27,1,'2024-02-20',8.4),(10001,27,1,'2024-02-21',8.2),(10001,27,1,'2024-02-22',8.3),(10001,27,1,'2024-02-23',8.2),(10001,27,1,'2024-02-24',8.2),(10001,27,1,'2024-02-25',8.3),(10001,27,1,'2024-02-26',8.2),(10001,27,1,'2024-02-27',8.4),(10001,27,1,'2024-02-28',8.3),(10001,27,1,'2024-02-29',8.2),(10001,29,1,'2024-01-01',10),(10001,29,1,'2024-01-02',15),(10001,29,1,'2024-01-03',15),(10001,29,1,'2024-01-04',14),(10001,29,1,'2024-01-05',14),(10001,29,1,'2024-01-06',14.5),(10001,29,1,'2024-01-07',14.8),(10001,29,1,'2024-01-08',14.2),(10001,29,1,'2024-01-09',14.4),(10001,29,1,'2024-01-10',14.6),(10001,29,1,'2024-01-11',16.3),(10001,29,1,'2024-01-12',16.9),(10001,29,1,'2024-01-13',17.2),(10001,29,1,'2024-01-14',14.1),(10001,29,1,'2024-01-15',18.7),(10001,29,1,'2024-01-16',18.5),(10001,29,1,'2024-01-17',18.3),(10001,29,1,'2024-01-18',18.1),(10001,29,1,'2024-01-19',17.9),(10001,29,1,'2024-01-20',17.7),(10001,29,1,'2024-01-21',17.7),(10001,29,1,'2024-01-22',17.9),(10001,29,1,'2024-01-23',18.1),(10001,29,1,'2024-01-24',18.3),(10001,29,1,'2024-01-25',18.5),(10001,29,1,'2024-01-26',18.4),(10001,29,1,'2024-01-27',18.3),(10001,29,1,'2024-01-28',18.1),(10001,29,1,'2024-01-29',18),(10001,29,1,'2024-01-30',17.9),(10001,29,1,'2024-01-31',17.8),(10001,29,1,'2024-02-01',18.3),(10001,29,1,'2024-02-02',18.2),(10001,29,1,'2024-02-03',18.1),(10001,29,1,'2024-02-04',18.4),(10001,29,1,'2024-02-05',18.3),(10001,29,1,'2024-02-06',18.2),(10001,29,1,'2024-02-07',18.1),(10001,29,1,'2024-02-08',18.6),(10001,29,1,'2024-02-09',18.2),(10001,29,1,'2024-02-10',17.8),(10001,29,1,'2024-02-11',17.6),(10001,29,1,'2024-02-12',18),(10001,29,1,'2024-02-13',17.5),(10001,29,1,'2024-02-14',17.4),(10001,29,1,'2024-02-15',17.3),(10001,29,1,'2024-02-16',18.2),(10001,29,1,'2024-02-17',17.8),(10001,29,1,'2024-02-18',18),(10001,29,1,'2024-02-19',17.6),(10001,29,1,'2024-02-20',17.7),(10001,29,1,'2024-02-21',17.9),(10001,29,1,'2024-02-22',17.8),(10001,29,1,'2024-02-23',18),(10001,29,1,'2024-02-24',17.9),(10001,29,1,'2024-02-25',17.8),(10001,29,1,'2024-02-26',18),(10001,29,1,'2024-02-27',17.7),(10001,29,1,'2024-02-28',17.8),(10001,29,1,'2024-02-29',17.9),(10001,31,2,'2024-01-01',6),(10001,31,2,'2024-01-02',7),(10001,31,2,'2024-01-03',10),(10001,31,2,'2024-01-04',6),(10001,31,2,'2024-01-05',8),(10001,31,2,'2024-01-06',5),(10001,31,2,'2024-01-07',5),(10001,31,2,'2024-01-08',5),(10001,31,2,'2024-01-09',5),(10001,31,2,'2024-01-10',5),(10001,31,2,'2024-01-11',5),(10001,31,2,'2024-01-12',5.5),(10001,31,2,'2024-01-13',6),(10001,31,2,'2024-01-14',6.5),(10001,31,2,'2024-01-15',7),(10001,31,2,'2024-01-16',8),(10001,31,2,'2024-01-17',8.2),(10001,31,2,'2024-01-18',8.5),(10001,31,2,'2024-01-19',9),(10001,31,2,'2024-01-20',11),(10001,31,2,'2024-01-21',8.8),(10001,31,2,'2024-01-22',8.3),(10001,31,2,'2024-01-23',7.8),(10001,31,2,'2024-01-24',9.2),(10001,31,2,'2024-01-25',8.5),(10001,31,2,'2024-01-26',9),(10001,31,2,'2024-01-27',9.5),(10001,31,2,'2024-01-28',8.8),(10001,31,2,'2024-01-29',9.2),(10001,31,2,'2024-01-30',9),(10001,31,2,'2024-01-31',8.5),(10001,31,2,'2024-02-01',9),(10001,31,2,'2024-02-02',8.5),(10001,31,2,'2024-02-03',8),(10001,31,2,'2024-02-04',7.5),(10001,31,2,'2024-02-05',7),(10001,31,2,'2024-02-06',8.2),(10001,31,2,'2024-02-07',8.7),(10001,31,2,'2024-02-08',9.2),(10001,31,2,'2024-02-09',9.7),(10001,31,2,'2024-02-10',10),(10001,31,2,'2024-02-11',9.8),(10001,31,2,'2024-02-12',9.5),(10001,31,2,'2024-02-13',9),(10001,31,2,'2024-02-14',8.8),(10001,31,2,'2024-02-15',8.5),(10001,31,2,'2024-02-16',8.2),(10001,31,2,'2024-02-17',8),(10001,31,2,'2024-02-18',7.8),(10001,31,2,'2024-02-19',7.6),(10001,31,2,'2024-02-20',7.4),(10001,31,2,'2024-02-21',8.4),(10001,31,2,'2024-02-22',8.2),(10001,31,2,'2024-02-23',8),(10001,31,2,'2024-02-24',7.8),(10001,31,2,'2024-02-25',7.6),(10001,31,2,'2024-02-26',7.4),(10001,31,2,'2024-02-27',7.2),(10001,31,2,'2024-02-28',7),(10001,31,2,'2024-02-29',6.8),(10001,34,1,'2024-01-01',5),(10001,34,1,'2024-01-02',5),(10001,34,1,'2024-01-03',4),(10001,34,1,'2024-01-04',3),(10001,34,1,'2024-01-05',4),(10001,34,1,'2024-01-06',3.8),(10001,34,1,'2024-01-07',4),(10001,34,1,'2024-01-08',4.1),(10001,34,1,'2024-01-09',4.3),(10001,34,1,'2024-01-10',4.2),(10001,34,1,'2024-01-11',5.6),(10001,34,1,'2024-01-12',5.3),(10001,34,1,'2024-01-13',6.2),(10001,34,1,'2024-01-14',4.2),(10001,34,1,'2024-01-15',5.5),(10001,34,1,'2024-01-16',5.3),(10001,34,1,'2024-01-17',5.2),(10001,34,1,'2024-01-18',5.1),(10001,34,1,'2024-01-19',5),(10001,34,1,'2024-01-20',4.9),(10001,34,1,'2024-01-21',4.9),(10001,34,1,'2024-01-22',5),(10001,34,1,'2024-01-23',5.1),(10001,34,1,'2024-01-24',5.2),(10001,34,1,'2024-01-25',5.3),(10001,34,1,'2024-01-26',5.4),(10001,34,1,'2024-01-27',5.2),(10001,34,1,'2024-01-28',5.1),(10001,34,1,'2024-01-29',5),(10001,34,1,'2024-01-30',4.9),(10001,34,1,'2024-01-31',4.8),(10001,34,1,'2024-02-01',5.3),(10001,34,1,'2024-02-02',5.2),(10001,34,1,'2024-02-03',5.1),(10001,34,1,'2024-02-04',5),(10001,34,1,'2024-02-05',5.2),(10001,34,1,'2024-02-06',5.1),(10001,34,1,'2024-02-07',5),(10001,34,1,'2024-02-08',5.1),(10001,34,1,'2024-02-09',5.2),(10001,34,1,'2024-02-10',4.6),(10001,34,1,'2024-02-11',4.5),(10001,34,1,'2024-02-12',4.7),(10001,34,1,'2024-02-13',4.4),(10001,34,1,'2024-02-14',4.3),(10001,34,1,'2024-02-15',4.2),(10001,34,1,'2024-02-16',4.8),(10001,34,1,'2024-02-17',4.7),(10001,34,1,'2024-02-18',4.6),(10001,34,1,'2024-02-19',4.9),(10001,34,1,'2024-02-20',4.7),(10001,34,1,'2024-02-21',4.8),(10001,34,1,'2024-02-22',4.7),(10001,34,1,'2024-02-23',4.8),(10001,34,1,'2024-02-24',4.8),(10001,34,1,'2024-02-25',4.7),(10001,34,1,'2024-02-26',4.8),(10001,34,1,'2024-02-27',4.7),(10001,34,1,'2024-02-28',4.8),(10001,34,1,'2024-02-29',4.8),(10001,46,2,'2024-01-01',24),(10001,46,2,'2024-01-02',24),(10001,46,2,'2024-01-03',24),(10001,46,2,'2024-01-04',24),(10001,46,2,'2024-01-05',24),(10001,46,2,'2024-01-06',24),(10001,46,2,'2024-01-07',24),(10001,46,2,'2024-01-08',24),(10001,46,2,'2024-01-09',24),(10001,46,2,'2024-01-10',24),(10001,46,2,'2024-01-11',24),(10001,46,2,'2024-01-12',24),(10001,46,2,'2024-01-13',24),(10001,46,2,'2024-01-14',24),(10001,46,2,'2024-01-15',24),(10001,46,2,'2024-01-16',24),(10001,46,2,'2024-01-17',24),(10001,46,2,'2024-01-18',24),(10001,46,2,'2024-01-19',24),(10001,46,2,'2024-01-20',24),(10001,46,2,'2024-01-21',24),(10001,46,2,'2024-01-22',24),(10001,46,2,'2024-01-23',24),(10001,46,2,'2024-01-24',24),(10001,46,2,'2024-01-25',24),(10001,46,2,'2024-01-26',24),(10001,46,2,'2024-01-27',24),(10001,46,2,'2024-01-28',24),(10001,46,2,'2024-01-29',24),(10001,46,2,'2024-01-30',24),(10001,46,2,'2024-01-31',24),(10001,46,2,'2024-02-01',24),(10001,46,2,'2024-02-02',24),(10001,46,2,'2024-02-03',24),(10001,46,2,'2024-02-04',24),(10001,46,2,'2024-02-05',24),(10001,46,2,'2024-02-06',24),(10001,46,2,'2024-02-07',24),(10001,46,2,'2024-02-08',24),(10001,46,2,'2024-02-09',24),(10001,46,2,'2024-02-10',24),(10001,46,2,'2024-02-11',24),(10001,46,2,'2024-02-12',24),(10001,46,2,'2024-02-13',24),(10001,46,2,'2024-02-14',24),(10001,46,2,'2024-02-15',24),(10001,46,2,'2024-02-16',24),(10001,46,2,'2024-02-17',24),(10001,46,2,'2024-02-18',24),(10001,46,2,'2024-02-19',24),(10001,46,2,'2024-02-20',24),(10001,46,2,'2024-02-21',24),(10001,46,2,'2024-02-22',24),(10001,46,2,'2024-02-23',24),(10001,46,2,'2024-02-24',24),(10001,46,2,'2024-02-25',24),(10001,46,2,'2024-02-26',24),(10001,46,2,'2024-02-27',24),(10001,46,2,'2024-02-28',24),(10001,46,2,'2024-02-29',24),(10001,47,2,'2024-01-01',24),(10001,47,2,'2024-01-02',24),(10001,47,2,'2024-01-03',24),(10001,47,2,'2024-01-04',24),(10001,47,2,'2024-01-05',24),(10001,47,2,'2024-01-06',24),(10001,47,2,'2024-01-07',24),(10001,47,2,'2024-01-08',24),(10001,47,2,'2024-01-09',24),(10001,47,2,'2024-01-10',24),(10001,47,2,'2024-01-11',24),(10001,47,2,'2024-01-12',24),(10001,47,2,'2024-01-13',24),(10001,47,2,'2024-01-14',24),(10001,47,2,'2024-01-15',24),(10001,47,2,'2024-01-16',24),(10001,47,2,'2024-01-17',24),(10001,47,2,'2024-01-18',24),(10001,47,2,'2024-01-19',24),(10001,47,2,'2024-01-20',24),(10001,47,2,'2024-01-21',24),(10001,47,2,'2024-01-22',24),(10001,47,2,'2024-01-23',24),(10001,47,2,'2024-01-24',24),(10001,47,2,'2024-01-25',24),(10001,47,2,'2024-01-26',24),(10001,47,2,'2024-01-27',24),(10001,47,2,'2024-01-28',24),(10001,47,2,'2024-01-29',24),(10001,47,2,'2024-01-30',24),(10001,47,2,'2024-01-31',24),(10001,47,2,'2024-02-01',24),(10001,47,2,'2024-02-02',24),(10001,47,2,'2024-02-03',24),(10001,47,2,'2024-02-04',24),(10001,47,2,'2024-02-05',24),(10001,47,2,'2024-02-06',24),(10001,47,2,'2024-02-07',24),(10001,47,2,'2024-02-08',24),(10001,47,2,'2024-02-09',24),(10001,47,2,'2024-02-10',24),(10001,47,2,'2024-02-11',24),(10001,47,2,'2024-02-12',24),(10001,47,2,'2024-02-13',24),(10001,47,2,'2024-02-14',24),(10001,47,2,'2024-02-15',24),(10001,47,2,'2024-02-16',24),(10001,47,2,'2024-02-17',24),(10001,47,2,'2024-02-18',24),(10001,47,2,'2024-02-19',24),(10001,47,2,'2024-02-20',24),(10001,47,2,'2024-02-21',24),(10001,47,2,'2024-02-22',24),(10001,47,2,'2024-02-23',24),(10001,47,2,'2024-02-24',24),(10001,47,2,'2024-02-25',24),(10001,47,2,'2024-02-26',24),(10001,47,2,'2024-02-27',24),(10001,47,2,'2024-02-28',24),(10001,47,2,'2024-02-29',24),(10001,50,1,'2024-01-01',15),(10001,50,1,'2024-01-02',3),(10001,50,1,'2024-01-03',2),(10001,50,1,'2024-01-04',5),(10001,50,1,'2024-01-05',5),(10001,50,1,'2024-01-06',5.3),(10001,50,1,'2024-01-07',5.8),(10001,50,1,'2024-01-08',5.9),(10001,50,1,'2024-01-09',6),(10001,50,1,'2024-01-10',6.1),(10001,50,1,'2024-01-11',8.1),(10001,50,1,'2024-01-12',8.5),(10001,50,1,'2024-01-13',9),(10001,50,1,'2024-01-14',6.9),(10001,50,1,'2024-01-15',9.5),(10001,50,1,'2024-01-16',9.7),(10001,50,1,'2024-01-17',9.8),(10001,50,1,'2024-01-18',9.9),(10001,50,1,'2024-01-19',10),(10001,50,1,'2024-01-20',10.1),(10001,50,1,'2024-01-21',10.1),(10001,50,1,'2024-01-22',10),(10001,50,1,'2024-01-23',9.8),(10001,50,1,'2024-01-24',9.7),(10001,50,1,'2024-01-25',9.5),(10001,50,1,'2024-01-26',9.3),(10001,50,1,'2024-01-27',9.5),(10001,50,1,'2024-01-28',9.7),(10001,50,1,'2024-01-29',9.8),(10001,50,1,'2024-01-30',9.9),(10001,50,1,'2024-01-31',10),(10001,50,1,'2024-02-01',10.5),(10001,50,1,'2024-02-02',10.6),(10001,50,1,'2024-02-03',10.4),(10001,50,1,'2024-02-04',10.7),(10001,50,1,'2024-02-05',10.5),(10001,50,1,'2024-02-06',10.6),(10001,50,1,'2024-02-07',10.8),(10001,50,1,'2024-02-08',10.7),(10001,50,1,'2024-02-09',10.6),(10001,50,1,'2024-02-10',11.2),(10001,50,1,'2024-02-11',11.4),(10001,50,1,'2024-02-12',11),(10001,50,1,'2024-02-13',11.6),(10001,50,1,'2024-02-14',11.8),(10001,50,1,'2024-02-15',12),(10001,50,1,'2024-02-16',11),(10001,50,1,'2024-02-17',10.9),(10001,50,1,'2024-02-18',11.1),(10001,50,1,'2024-02-19',11.3),(10001,50,1,'2024-02-20',11.2),(10001,50,1,'2024-02-21',11.4),(10001,50,1,'2024-02-22',11.3),(10001,50,1,'2024-02-23',11.4),(10001,50,1,'2024-02-24',11.4),(10001,50,1,'2024-02-25',11.3),(10001,50,1,'2024-02-26',11.4),(10001,50,1,'2024-02-27',11.2),(10001,50,1,'2024-02-28',11.3),(10001,50,1,'2024-02-29',11.4),(10001,55,2,'2024-01-01',15),(10001,55,2,'2024-01-02',13),(10001,55,2,'2024-01-03',14),(10001,55,2,'2024-01-04',12),(10001,55,2,'2024-01-05',15),(10001,55,2,'2024-01-06',14),(10001,55,2,'2024-01-07',15),(10001,55,2,'2024-01-08',14),(10001,55,2,'2024-01-09',16),(10001,55,2,'2024-01-10',15),(10001,55,2,'2024-01-11',16),(10001,55,2,'2024-01-12',16.5),(10001,55,2,'2024-01-13',17),(10001,55,2,'2024-01-14',17.5),(10001,55,2,'2024-01-15',18),(10001,55,2,'2024-01-16',16),(10001,55,2,'2024-01-17',15.5),(10001,55,2,'2024-01-18',15),(10001,55,2,'2024-01-19',14.8),(10001,55,2,'2024-01-20',15.5),(10001,55,2,'2024-01-21',14),(10001,55,2,'2024-01-22',13.5),(10001,55,2,'2024-01-23',13),(10001,55,2,'2024-01-24',15),(10001,55,2,'2024-01-25',14.5),(10001,55,2,'2024-01-26',15.2),(10001,55,2,'2024-01-27',15.5),(10001,55,2,'2024-01-28',15.2),(10001,55,2,'2024-01-29',15.8),(10001,55,2,'2024-01-30',15.3),(10001,55,2,'2024-01-31',15),(10001,55,2,'2024-02-01',15.3),(10001,55,2,'2024-02-02',15),(10001,55,2,'2024-02-03',14.8),(10001,55,2,'2024-02-04',14.5),(10001,55,2,'2024-02-05',14.2),(10001,55,2,'2024-02-06',15),(10001,55,2,'2024-02-07',15.5),(10001,55,2,'2024-02-08',15.8),(10001,55,2,'2024-02-09',16),(10001,55,2,'2024-02-10',16.5),(10001,55,2,'2024-02-11',16.2),(10001,55,2,'2024-02-12',15.8),(10001,55,2,'2024-02-13',15.5),(10001,55,2,'2024-02-14',15.2),(10001,55,2,'2024-02-15',15),(10001,55,2,'2024-02-16',14.8),(10001,55,2,'2024-02-17',14.5),(10001,55,2,'2024-02-18',14.2),(10001,55,2,'2024-02-19',14),(10001,55,2,'2024-02-20',13.8),(10001,55,2,'2024-02-21',15.2),(10001,55,2,'2024-02-22',14.6),(10001,55,2,'2024-02-23',14.4),(10001,55,2,'2024-02-24',14.2),(10001,55,2,'2024-02-25',14),(10001,55,2,'2024-02-26',13.8),(10001,55,2,'2024-02-27',13.6),(10001,55,2,'2024-02-28',13.4),(10001,55,2,'2024-02-29',13.2),(10001,56,1,'2024-01-01',16),(10001,56,1,'2024-01-02',18),(10001,56,1,'2024-01-03',17),(10001,56,1,'2024-01-04',19),(10001,56,1,'2024-01-05',18),(10001,56,1,'2024-01-06',17.6),(10001,56,1,'2024-01-07',17.2),(10001,56,1,'2024-01-08',17.1),(10001,56,1,'2024-01-09',16.9),(10001,56,1,'2024-01-10',17),(10001,56,1,'2024-01-11',19.5),(10001,56,1,'2024-01-12',17.1),(10001,56,1,'2024-01-13',18.8),(10001,56,1,'2024-01-14',16.9),(10001,56,1,'2024-01-15',19.3),(10001,56,1,'2024-01-16',19),(10001,56,1,'2024-01-17',19.1),(10001,56,1,'2024-01-18',18.9),(10001,56,1,'2024-01-19',18.8),(10001,56,1,'2024-01-20',18.7),(10001,56,1,'2024-01-21',18.7),(10001,56,1,'2024-01-22',18.8),(10001,56,1,'2024-01-23',18.9),(10001,56,1,'2024-01-24',19),(10001,56,1,'2024-01-25',19.1),(10001,56,1,'2024-01-26',19.2),(10001,56,1,'2024-01-27',19.1),(10001,56,1,'2024-01-28',19),(10001,56,1,'2024-01-29',18.9),(10001,56,1,'2024-01-30',18.8),(10001,56,1,'2024-01-31',18.7),(10001,56,1,'2024-02-01',19.2),(10001,56,1,'2024-02-02',19.1),(10001,56,1,'2024-02-03',19),(10001,56,1,'2024-02-04',18.9),(10001,56,1,'2024-02-05',19.1),(10001,56,1,'2024-02-06',19),(10001,56,1,'2024-02-07',18.8),(10001,56,1,'2024-02-08',18.9),(10001,56,1,'2024-02-09',19),(10001,56,1,'2024-02-10',19.5),(10001,56,1,'2024-02-11',19.7),(10001,56,1,'2024-02-12',19.3),(10001,56,1,'2024-02-13',19.8),(10001,56,1,'2024-02-14',19.9),(10001,56,1,'2024-02-15',20),(10001,56,1,'2024-02-16',20.2),(10001,56,1,'2024-02-17',20.1),(10001,56,1,'2024-02-18',19.8),(10001,56,1,'2024-02-19',20),(10001,56,1,'2024-02-20',19.9),(10001,56,1,'2024-02-21',19.8),(10001,56,1,'2024-02-22',19.9),(10001,56,1,'2024-02-23',19.7),(10001,56,1,'2024-02-24',19.8),(10001,56,1,'2024-02-25',19.9),(10001,56,1,'2024-02-26',19.7),(10001,56,1,'2024-02-27',20),(10001,56,1,'2024-02-28',19.9),(10001,56,1,'2024-02-29',19.8),(10001,63,1,'2024-01-01',6),(10001,63,1,'2024-01-02',6),(10001,63,1,'2024-01-03',3.5),(10001,63,1,'2024-01-04',4.5),(10001,63,1,'2024-01-05',5),(10001,63,1,'2024-01-06',5.1),(10001,63,1,'2024-01-07',4.8),(10001,63,1,'2024-01-08',4.7),(10001,63,1,'2024-01-09',4.6),(10001,63,1,'2024-01-10',4.5),(10001,63,1,'2024-01-11',6.2),(10001,63,1,'2024-01-12',5.6),(10001,63,1,'2024-01-13',5.8),(10001,63,1,'2024-01-14',4.9),(10001,63,1,'2024-01-15',5.2),(10001,63,1,'2024-01-16',5),(10001,63,1,'2024-01-17',5.1),(10001,63,1,'2024-01-18',5),(10001,63,1,'2024-01-19',4.9),(10001,63,1,'2024-01-20',4.8),(10001,63,1,'2024-01-21',4.8),(10001,63,1,'2024-01-22',4.9),(10001,63,1,'2024-01-23',5),(10001,63,1,'2024-01-24',5.1),(10001,63,1,'2024-01-25',5.2),(10001,63,1,'2024-01-26',5.3),(10001,63,1,'2024-01-27',5.2),(10001,63,1,'2024-01-28',5.1),(10001,63,1,'2024-01-29',5),(10001,63,1,'2024-01-30',4.9),(10001,63,1,'2024-01-31',4.8),(10001,63,1,'2024-02-01',4.6),(10001,63,1,'2024-02-02',4.7),(10001,63,1,'2024-02-03',4.8),(10001,63,1,'2024-02-04',4.9),(10001,63,1,'2024-02-05',4.7),(10001,63,1,'2024-02-06',4.8),(10001,63,1,'2024-02-07',4.9),(10001,63,1,'2024-02-08',4.7),(10001,63,1,'2024-02-09',4.8),(10001,63,1,'2024-02-10',5),(10001,63,1,'2024-02-11',4.8),(10001,63,1,'2024-02-12',5.2),(10001,63,1,'2024-02-13',5.1),(10001,63,1,'2024-02-14',5),(10001,63,1,'2024-02-15',4.9),(10001,63,1,'2024-02-16',4.8),(10001,63,1,'2024-02-17',4.9),(10001,63,1,'2024-02-18',4.7),(10001,63,1,'2024-02-19',4.6),(10001,63,1,'2024-02-20',4.7),(10001,63,1,'2024-02-21',4.6),(10001,63,1,'2024-02-22',4.7),(10001,63,1,'2024-02-23',4.6),(10001,63,1,'2024-02-24',4.6),(10001,63,1,'2024-02-25',4.7),(10001,63,1,'2024-02-26',4.6),(10001,63,1,'2024-02-27',4.7),(10001,63,1,'2024-02-28',4.6),(10001,63,1,'2024-02-29',4.6),(10001,69,1,'2024-01-01',2),(10001,69,1,'2024-01-02',1),(10001,69,1,'2024-01-04',2),(10001,69,1,'2024-01-05',1),(10001,69,1,'2024-01-06',0.8),(10001,69,1,'2024-01-07',1),(10001,69,1,'2024-01-08',1.1),(10001,69,1,'2024-01-09',1.2),(10001,69,1,'2024-01-10',1.3),(10001,69,1,'2024-01-11',2.3),(10001,69,1,'2024-01-12',2.1),(10001,69,1,'2024-01-13',2.5),(10001,69,1,'2024-01-14',1.9),(10001,69,1,'2024-01-15',2.2),(10001,69,1,'2024-01-16',2.1),(10001,69,1,'2024-01-17',2.2),(10001,69,1,'2024-01-18',2.3),(10001,69,1,'2024-01-19',2.4),(10001,69,1,'2024-01-20',2.5),(10001,69,1,'2024-01-21',2.5),(10001,69,1,'2024-01-22',2.4),(10001,69,1,'2024-01-23',2.3),(10001,69,1,'2024-01-24',2.2),(10001,69,1,'2024-01-25',2.1),(10001,69,1,'2024-01-26',2),(10001,69,1,'2024-01-27',2.1),(10001,69,1,'2024-01-28',2.2),(10001,69,1,'2024-01-29',2.3),(10001,69,1,'2024-01-30',2.4),(10001,69,1,'2024-01-31',2.5),(10001,69,1,'2024-02-01',2.8),(10001,69,1,'2024-02-02',2.9),(10001,69,1,'2024-02-03',2.7),(10001,69,1,'2024-02-04',2.6),(10001,69,1,'2024-02-05',2.8),(10001,69,1,'2024-02-06',2.9),(10001,69,1,'2024-02-07',2.7),(10001,69,1,'2024-02-08',2.8),(10001,69,1,'2024-02-09',2.9),(10001,69,1,'2024-02-10',3),(10001,69,1,'2024-02-11',3.2),(10001,69,1,'2024-02-12',3.1),(10001,69,1,'2024-02-13',3.3),(10001,69,1,'2024-02-14',3.4),(10001,69,1,'2024-02-15',3.5),(10001,69,1,'2024-02-16',2.8),(10001,69,1,'2024-02-17',2.9),(10001,69,1,'2024-02-18',3),(10001,69,1,'2024-02-19',3.1),(10001,69,1,'2024-02-20',3.2),(10001,69,1,'2024-02-21',3.1),(10001,69,1,'2024-02-22',3.2),(10001,69,1,'2024-02-23',3.1),(10001,69,1,'2024-02-24',3.1),(10001,69,1,'2024-02-25',3.2),(10001,69,1,'2024-02-26',3.1),(10001,69,1,'2024-02-27',3.2),(10001,69,1,'2024-02-28',3.1),(10001,69,1,'2024-02-29',3.1),(10001,71,2,'2024-01-01',10),(10001,71,2,'2024-01-02',8.5),(10001,71,2,'2024-01-03',9),(10001,71,2,'2024-01-04',8),(10001,71,2,'2024-01-05',9),(10001,71,2,'2024-01-06',7),(10001,71,2,'2024-01-07',7),(10001,71,2,'2024-01-08',7),(10001,71,2,'2024-01-09',8),(10001,71,2,'2024-01-10',7),(10001,71,2,'2024-01-11',7.2),(10001,71,2,'2024-01-12',7.5),(10001,71,2,'2024-01-13',8),(10001,71,2,'2024-01-14',8.5),(10001,71,2,'2024-01-15',9),(10001,71,2,'2024-01-16',9.5),(10001,71,2,'2024-01-17',9),(10001,71,2,'2024-01-18',8.5),(10001,71,2,'2024-01-19',8),(10001,71,2,'2024-01-20',8),(10001,71,2,'2024-01-21',7.5),(10001,71,2,'2024-01-22',7),(10001,71,2,'2024-01-23',6.5),(10001,71,2,'2024-01-24',8.5),(10001,71,2,'2024-01-25',8),(10001,71,2,'2024-01-26',8.2),(10001,71,2,'2024-01-27',9),(10001,71,2,'2024-01-28',8.2),(10001,71,2,'2024-01-29',9.5),(10001,71,2,'2024-01-30',9.2),(10001,71,2,'2024-01-31',8.7),(10001,71,2,'2024-02-01',9.2),(10001,71,2,'2024-02-02',8.7),(10001,71,2,'2024-02-03',8.5),(10001,71,2,'2024-02-04',8.2),(10001,71,2,'2024-02-05',8),(10001,71,2,'2024-02-06',8.7),(10001,71,2,'2024-02-07',9),(10001,71,2,'2024-02-08',9.5),(10001,71,2,'2024-02-09',9.8),(10001,71,2,'2024-02-10',10),(10001,71,2,'2024-02-11',10.1),(10001,71,2,'2024-02-12',9.6),(10001,71,2,'2024-02-13',9.2),(10001,71,2,'2024-02-14',9),(10001,71,2,'2024-02-15',8.8),(10001,71,2,'2024-02-16',8.6),(10001,71,2,'2024-02-17',8.4),(10001,71,2,'2024-02-18',8.2),(10001,71,2,'2024-02-19',8),(10001,71,2,'2024-02-20',7.8),(10001,71,2,'2024-02-21',8.8),(10001,71,2,'2024-02-22',8.4),(10001,71,2,'2024-02-23',8.2),(10001,71,2,'2024-02-24',7.8),(10001,71,2,'2024-02-25',7.6),(10001,71,2,'2024-02-26',7.4),(10001,71,2,'2024-02-27',7.2),(10001,71,2,'2024-02-28',7),(10001,71,2,'2024-02-29',6.8),(10001,74,1,'2024-01-01',3),(10001,74,1,'2024-01-02',4),(10001,74,1,'2024-01-03',6),(10001,74,1,'2024-01-04',4),(10001,74,1,'2024-01-05',2),(10001,74,1,'2024-01-06',2.1),(10001,74,1,'2024-01-07',2.3),(10001,74,1,'2024-01-08',2.5),(10001,74,1,'2024-01-09',2.6),(10001,74,1,'2024-01-10',2.7),(10001,74,1,'2024-01-11',4.6),(10001,74,1,'2024-01-12',4),(10001,74,1,'2024-01-13',4.9),(10001,74,1,'2024-01-14',3.8),(10001,74,1,'2024-01-15',4.2),(10001,74,1,'2024-01-16',4),(10001,74,1,'2024-01-17',4.1),(10001,74,1,'2024-01-18',4.2),(10001,74,1,'2024-01-19',4.3),(10001,74,1,'2024-01-20',4.4),(10001,74,1,'2024-01-21',4.4),(10001,74,1,'2024-01-22',4.3),(10001,74,1,'2024-01-23',4.2),(10001,74,1,'2024-01-24',4.1),(10001,74,1,'2024-01-25',4),(10001,74,1,'2024-01-26',3.9),(10001,74,1,'2024-01-27',4),(10001,74,1,'2024-01-28',4.1),(10001,74,1,'2024-01-29',4.2),(10001,74,1,'2024-01-30',4.3),(10001,74,1,'2024-01-31',4.4),(10001,74,1,'2024-02-01',4.3),(10001,74,1,'2024-02-02',4.2),(10001,74,1,'2024-02-03',4.1),(10001,74,1,'2024-02-04',4),(10001,74,1,'2024-02-05',4.2),(10001,74,1,'2024-02-06',4.1),(10001,74,1,'2024-02-07',4),(10001,74,1,'2024-02-08',4.3),(10001,74,1,'2024-02-09',4.2),(10001,74,1,'2024-02-10',4.4),(10001,74,1,'2024-02-11',4.5),(10001,74,1,'2024-02-12',4.3),(10001,74,1,'2024-02-13',4.6),(10001,74,1,'2024-02-14',4.4),(10001,74,1,'2024-02-15',4.5),(10001,74,1,'2024-02-16',4.2),(10001,74,1,'2024-02-17',4.3),(10001,74,1,'2024-02-18',4.4),(10001,74,1,'2024-02-19',4.3),(10001,74,1,'2024-02-20',4.2),(10001,74,1,'2024-02-21',4.3),(10001,74,1,'2024-02-22',4.2),(10001,74,1,'2024-02-23',4.4),(10001,74,1,'2024-02-24',4.3),(10001,74,1,'2024-02-25',4.2),(10001,74,1,'2024-02-26',4.4),(10001,74,1,'2024-02-27',4.2),(10001,74,1,'2024-02-28',4.3),(10001,74,1,'2024-02-29',4.3),(10001,76,1,'2024-01-01',2),(10001,76,1,'2024-01-02',4),(10001,76,1,'2024-01-03',3),(10001,76,1,'2024-01-04',1.5),(10001,76,1,'2024-01-05',0),(10001,76,1,'2024-01-06',0.1),(10001,76,1,'2024-01-07',0.15),(10001,76,1,'2024-01-08',0.19),(10001,76,1,'2024-01-09',0.2),(10001,76,1,'2024-01-10',0.21),(10001,76,1,'2024-01-11',0.35),(10001,76,1,'2024-01-12',0.29),(10001,76,1,'2024-01-13',0.38),(10001,76,1,'2024-01-14',0.25),(10001,76,1,'2024-01-15',0.32),(10001,76,1,'2024-01-16',0.3),(10001,76,1,'2024-01-17',0.31),(10001,76,1,'2024-01-18',0.32),(10001,76,1,'2024-01-19',0.33),(10001,76,1,'2024-01-20',0.34),(10001,76,1,'2024-01-21',0.34),(10001,76,1,'2024-01-22',0.33),(10001,76,1,'2024-01-23',0.32),(10001,76,1,'2024-01-24',0.31),(10001,76,1,'2024-01-25',0.3),(10001,76,1,'2024-01-26',0.29),(10001,76,1,'2024-01-27',0.3),(10001,76,1,'2024-01-28',0.31),(10001,76,1,'2024-01-29',0.32),(10001,76,1,'2024-01-30',0.33),(10001,76,1,'2024-01-31',0.34),(10001,76,1,'2024-02-01',0.36),(10001,76,1,'2024-02-02',0.34),(10001,76,1,'2024-02-03',0.35),(10001,76,1,'2024-02-04',0.38),(10001,76,1,'2024-02-05',0.32),(10001,76,1,'2024-02-06',0.33),(10001,76,1,'2024-02-07',0.35),(10001,76,1,'2024-02-08',0.37),(10001,76,1,'2024-02-09',0.34),(10001,76,1,'2024-02-10',0.4),(10001,76,1,'2024-02-11',0.42),(10001,76,1,'2024-02-12',0.38),(10001,76,1,'2024-02-13',0.45),(10001,76,1,'2024-02-14',0.49),(10001,76,1,'2024-02-15',0.5),(10001,76,1,'2024-02-16',0.37),(10001,76,1,'2024-02-17',0.38),(10001,76,1,'2024-02-18',0.39),(10001,76,1,'2024-02-19',0.36),(10001,76,1,'2024-02-20',0.37),(10001,76,1,'2024-02-21',0.36),(10001,76,1,'2024-02-22',0.37),(10001,76,1,'2024-02-23',0.38),(10001,76,1,'2024-02-24',0.36),(10001,76,1,'2024-02-25',0.37),(10001,76,1,'2024-02-26',0.38),(10001,76,1,'2024-02-27',0.37),(10001,76,1,'2024-02-28',0.36),(10001,76,1,'2024-02-29',0.36),(10001,79,2,'2024-01-01',24),(10001,79,2,'2024-01-02',24),(10001,79,2,'2024-01-03',24),(10001,79,2,'2024-01-04',24),(10001,79,2,'2024-01-05',24),(10001,79,2,'2024-01-06',24),(10001,79,2,'2024-01-07',24),(10001,79,2,'2024-01-08',24),(10001,79,2,'2024-01-09',24),(10001,79,2,'2024-01-10',24),(10001,79,2,'2024-01-11',24),(10001,79,2,'2024-01-12',24),(10001,79,2,'2024-01-13',24),(10001,79,2,'2024-01-14',24),(10001,79,2,'2024-01-15',24),(10001,79,2,'2024-01-16',24),(10001,79,2,'2024-01-17',24),(10001,79,2,'2024-01-18',24),(10001,79,2,'2024-01-19',24),(10001,79,2,'2024-01-20',24),(10001,79,2,'2024-01-21',24),(10001,79,2,'2024-01-22',24),(10001,79,2,'2024-01-23',24),(10001,79,2,'2024-01-24',24),(10001,79,2,'2024-01-25',24),(10001,79,2,'2024-01-26',24),(10001,79,2,'2024-01-27',24),(10001,79,2,'2024-01-28',24),(10001,79,2,'2024-01-29',24),(10001,79,2,'2024-01-30',24),(10001,79,2,'2024-01-31',24),(10001,79,2,'2024-02-01',24),(10001,79,2,'2024-02-02',24),(10001,79,2,'2024-02-03',24),(10001,79,2,'2024-02-04',24),(10001,79,2,'2024-02-05',24),(10001,79,2,'2024-02-06',24),(10001,79,2,'2024-02-07',24),(10001,79,2,'2024-02-08',24),(10001,79,2,'2024-02-09',24),(10001,79,2,'2024-02-10',24),(10001,79,2,'2024-02-11',24),(10001,79,2,'2024-02-12',24),(10001,79,2,'2024-02-13',24),(10001,79,2,'2024-02-14',24),(10001,79,2,'2024-02-15',24),(10001,79,2,'2024-02-16',24),(10001,79,2,'2024-02-17',24),(10001,79,2,'2024-02-18',24),(10001,79,2,'2024-02-19',24),(10001,79,2,'2024-02-20',24),(10001,79,2,'2024-02-21',24),(10001,79,2,'2024-02-22',24),(10001,79,2,'2024-02-23',24),(10001,79,2,'2024-02-24',24),(10001,79,2,'2024-02-25',24),(10001,79,2,'2024-02-26',24),(10001,79,2,'2024-02-27',24),(10001,79,2,'2024-02-28',24),(10001,79,2,'2024-02-29',24),(10001,80,2,'2024-01-01',0.5),(10001,80,2,'2024-01-02',0.3),(10001,80,2,'2024-01-03',0.2),(10001,80,2,'2024-01-04',0.2),(10001,80,2,'2024-01-05',0.5),(10001,80,2,'2024-01-06',0.1),(10001,80,2,'2024-01-07',0.15),(10001,80,2,'2024-01-08',0.1),(10001,80,2,'2024-01-09',0.12),(10001,80,2,'2024-01-10',0.1),(10001,80,2,'2024-01-11',0.11),(10001,80,2,'2024-01-12',0.1),(10001,80,2,'2024-01-13',0.09),(10001,80,2,'2024-01-14',0.08),(10001,80,2,'2024-01-15',0.07),(10001,80,2,'2024-01-16',0.1),(10001,80,2,'2024-01-17',0.12),(10001,80,2,'2024-01-18',0.15),(10001,80,2,'2024-01-19',0.18),(10001,80,2,'2024-01-20',0.03),(10001,80,2,'2024-01-21',0.1),(10001,80,2,'2024-01-22',0.08),(10001,80,2,'2024-01-23',0.05),(10001,80,2,'2024-01-24',0.15),(10001,80,2,'2024-01-25',0.1),(10001,80,2,'2024-01-26',0.2),(10001,80,2,'2024-01-27',0.2),(10001,80,2,'2024-01-28',0.2),(10001,80,2,'2024-01-29',0.3),(10001,80,2,'2024-01-30',0.25),(10001,80,2,'2024-01-31',0.3),(10001,80,2,'2024-02-01',0.25),(10001,80,2,'2024-02-02',0.3),(10001,80,2,'2024-02-03',0.35),(10001,80,2,'2024-02-04',0.4),(10001,80,2,'2024-02-05',0.45),(10001,80,2,'2024-02-06',0.3),(10001,80,2,'2024-02-07',0.35),(10001,80,2,'2024-02-08',0.4),(10001,80,2,'2024-02-09',0.45),(10001,80,2,'2024-02-10',0.5),(10001,80,2,'2024-02-11',0.55),(10001,80,2,'2024-02-12',0.45),(10001,80,2,'2024-02-13',0.4),(10001,80,2,'2024-02-14',0.35),(10001,80,2,'2024-02-15',0.3),(10001,80,2,'2024-02-16',0.25),(10001,80,2,'2024-02-17',0.2),(10001,80,2,'2024-02-18',0.15),(10001,80,2,'2024-02-19',0.1),(10001,80,2,'2024-02-20',0.05),(10001,80,2,'2024-02-21',0.3),(10001,80,2,'2024-02-22',0.25),(10001,80,2,'2024-02-23',0.2),(10001,80,2,'2024-02-24',0.15),(10001,80,2,'2024-02-25',0.1),(10001,80,2,'2024-02-26',0.08),(10001,80,2,'2024-02-27',0.06),(10001,80,2,'2024-02-28',0.04),(10001,80,2,'2024-02-29',0.02),(10001,81,2,'2024-01-01',0.8),(10001,81,2,'2024-01-02',0.4),(10001,81,2,'2024-01-03',0.6),(10001,81,2,'2024-01-04',0.3),(10001,81,2,'2024-01-05',0.6),(10001,81,2,'2024-01-06',0.2),(10001,81,2,'2024-01-07',0.2),(10001,81,2,'2024-01-08',0.2),(10001,81,2,'2024-01-09',0.22),(10001,81,2,'2024-01-10',0.2),(10001,81,2,'2024-01-11',0.22),(10001,81,2,'2024-01-12',0.21),(10001,81,2,'2024-01-13',0.19),(10001,81,2,'2024-01-14',0.18),(10001,81,2,'2024-01-15',0.17),(10001,81,2,'2024-01-16',0.2),(10001,81,2,'2024-01-17',0.22),(10001,81,2,'2024-01-18',0.25),(10001,81,2,'2024-01-19',0.28),(10001,81,2,'2024-01-20',0.12),(10001,81,2,'2024-01-21',0.2),(10001,81,2,'2024-01-22',0.18),(10001,81,2,'2024-01-23',0.15),(10001,81,2,'2024-01-24',0.25),(10001,81,2,'2024-01-25',0.2),(10001,81,2,'2024-01-26',0.3),(10001,81,2,'2024-01-27',0.4),(10001,81,2,'2024-01-28',0.3),(10001,81,2,'2024-01-29',0.5),(10001,81,2,'2024-01-30',0.45),(10001,81,2,'2024-01-31',0.6),(10001,81,2,'2024-02-01',0.45),(10001,81,2,'2024-02-02',0.6),(10001,81,2,'2024-02-03',0.65),(10001,81,2,'2024-02-04',0.7),(10001,81,2,'2024-02-05',0.8),(10001,81,2,'2024-02-06',0.5),(10001,81,2,'2024-02-07',0.6),(10001,81,2,'2024-02-08',0.7),(10001,81,2,'2024-02-09',0.8),(10001,81,2,'2024-02-10',0.9),(10001,81,2,'2024-02-11',1),(10001,81,2,'2024-02-12',0.8),(10001,81,2,'2024-02-13',0.7),(10001,81,2,'2024-02-14',0.6),(10001,81,2,'2024-02-15',0.5),(10001,81,2,'2024-02-16',0.4),(10001,81,2,'2024-02-17',0.3),(10001,81,2,'2024-02-18',0.2),(10001,81,2,'2024-02-19',0.1),(10001,81,2,'2024-02-20',0.05),(10001,81,2,'2024-02-21',0.5),(10001,81,2,'2024-02-22',0.4),(10001,81,2,'2024-02-23',0.3),(10001,81,2,'2024-02-24',0.2),(10001,81,2,'2024-02-25',0.1),(10001,81,2,'2024-02-26',0.08),(10001,81,2,'2024-02-27',0.06),(10001,81,2,'2024-02-28',0.04),(10001,81,2,'2024-02-29',0.02),(21,1,3,'2024-01-01',24),(21,1,3,'2024-01-02',24),(21,1,3,'2024-01-03',24),(21,1,3,'2024-01-04',24),(21,1,3,'2024-01-05',24),(21,1,3,'2024-01-06',24),(21,1,3,'2024-01-07',24),(21,1,3,'2024-01-08',24),(21,1,3,'2024-01-09',24),(21,1,3,'2024-01-10',24),(21,1,3,'2024-01-11',24),(21,1,3,'2024-01-12',24),(21,1,3,'2024-01-13',24),(21,1,3,'2024-01-14',24),(21,1,3,'2024-01-15',24),(21,1,3,'2024-01-16',24),(21,1,3,'2024-01-17',24),(21,1,3,'2024-01-18',24),(21,1,3,'2024-01-19',24),(21,1,3,'2024-01-20',24),(21,1,3,'2024-01-21',24),(21,1,3,'2024-01-22',24),(21,1,3,'2024-01-23',24),(21,1,3,'2024-01-24',24),(21,1,3,'2024-01-25',24),(21,1,3,'2024-01-26',24),(21,1,3,'2024-01-27',24),(21,1,3,'2024-01-28',24),(21,1,3,'2024-01-29',24),(21,1,3,'2024-01-30',24),(21,1,3,'2024-01-31',24),(21,1,3,'2024-02-01',24),(21,1,3,'2024-02-02',24),(21,1,3,'2024-02-03',24),(21,1,3,'2024-02-04',24),(21,1,3,'2024-02-05',24),(21,1,3,'2024-02-06',24),(21,1,3,'2024-02-07',24),(21,1,3,'2024-02-08',24),(21,1,3,'2024-02-09',24),(21,1,3,'2024-02-10',24),(21,1,3,'2024-02-11',24),(21,1,3,'2024-02-12',24),(21,1,3,'2024-02-13',24),(21,1,3,'2024-02-14',24),(21,1,3,'2024-02-15',24),(21,1,3,'2024-02-16',24),(21,1,3,'2024-02-17',24),(21,1,3,'2024-02-18',24),(21,1,3,'2024-02-19',24),(21,1,3,'2024-02-20',24),(21,1,3,'2024-02-21',24),(21,1,3,'2024-02-22',24),(21,1,3,'2024-02-23',24),(21,1,3,'2024-02-24',24),(21,1,3,'2024-02-25',24),(21,1,3,'2024-02-26',24),(21,1,3,'2024-02-27',24),(21,1,3,'2024-02-28',24),(21,84,3,'2024-01-01',5),(21,84,3,'2024-01-02',5),(21,84,3,'2024-01-03',4.5),(21,84,3,'2024-01-04',4.8),(21,84,3,'2024-01-05',5.2),(21,84,3,'2024-01-06',5.1),(21,84,3,'2024-01-07',4.9),(21,84,3,'2024-01-08',4.7),(21,84,3,'2024-01-09',4.6),(21,84,3,'2024-01-10',4.5),(21,84,3,'2024-01-11',5.3),(21,84,3,'2024-01-12',5.7),(21,84,3,'2024-01-13',5.9),(21,84,3,'2024-01-14',5),(21,84,3,'2024-01-15',5.1),(21,84,3,'2024-01-16',5),(21,84,3,'2024-01-17',5.1),(21,84,3,'2024-01-18',5),(21,84,3,'2024-01-19',4.9),(21,84,3,'2024-01-20',4.8),(21,84,3,'2024-01-21',4.8),(21,84,3,'2024-01-22',4.9),(21,84,3,'2024-01-23',5),(21,84,3,'2024-01-24',5.1),(21,84,3,'2024-01-25',5.2),(21,84,3,'2024-01-26',5.3),(21,84,3,'2024-01-27',5.2),(21,84,3,'2024-01-28',5.1),(21,84,3,'2024-01-29',5),(21,84,3,'2024-01-30',4.9),(21,84,3,'2024-01-31',4.8),(21,84,3,'2024-02-01',4.6),(21,84,3,'2024-02-02',4.7),(21,84,3,'2024-02-03',4.8),(21,84,3,'2024-02-04',4.9),(21,84,3,'2024-02-05',4.7),(21,84,3,'2024-02-06',4.8),(21,84,3,'2024-02-07',4.9),(21,84,3,'2024-02-08',4.7),(21,84,3,'2024-02-09',4.8),(21,84,3,'2024-02-10',5),(21,84,3,'2024-02-11',4.8),(21,84,3,'2024-02-12',5.2),(21,84,3,'2024-02-13',5.1),(21,84,3,'2024-02-14',5),(21,84,3,'2024-02-15',4.9),(21,84,3,'2024-02-16',4.8),(21,84,3,'2024-02-17',4.9),(21,84,3,'2024-02-18',4.7),(21,84,3,'2024-02-19',4.6),(21,84,3,'2024-02-20',4.7),(21,84,3,'2024-02-21',4.6),(21,84,3,'2024-02-22',4.7),(21,84,3,'2024-02-23',4.6),(21,84,3,'2024-02-24',4.6),(21,84,3,'2024-02-25',4.7),(21,84,3,'2024-02-26',4.6),(21,84,3,'2024-02-27',4.7),(21,84,3,'2024-02-28',4.6),(21,84,3,'2024-02-29',4.6),(21,85,3,'2024-01-01',2),(21,85,3,'2024-01-02',2),(21,85,3,'2024-01-03',1.5),(21,85,3,'2024-01-04',1.8),(21,85,3,'2024-01-05',2.2),(21,85,3,'2024-01-06',2.1),(21,85,3,'2024-01-07',1.9),(21,85,3,'2024-01-08',1.7),(21,85,3,'2024-01-09',1.6),(21,85,3,'2024-01-10',1.5),(21,85,3,'2024-01-11',2.3),(21,85,3,'2024-01-12',2.7),(21,85,3,'2024-01-13',2.9),(21,85,3,'2024-01-14',2),(21,85,3,'2024-01-15',2.1),(21,85,3,'2024-01-16',2),(21,85,3,'2024-01-17',2.1),(21,85,3,'2024-01-18',2),(21,85,3,'2024-01-19',1.9),(21,85,3,'2024-01-20',1.8),(21,85,3,'2024-01-21',1.8),(21,85,3,'2024-01-22',1.9),(21,85,3,'2024-01-23',2),(21,85,3,'2024-01-24',2.1),(21,85,3,'2024-01-25',2.2),(21,85,3,'2024-01-26',2.3),(21,85,3,'2024-01-27',2.2),(21,85,3,'2024-01-28',2.1),(21,85,3,'2024-01-29',2),(21,85,3,'2024-01-30',1.9),(21,85,3,'2024-01-31',1.8),(21,85,3,'2024-02-01',1.6),(21,85,3,'2024-02-02',1.7),(21,85,3,'2024-02-03',1.8),(21,85,3,'2024-02-04',1.9),(21,85,3,'2024-02-05',1.7),(21,85,3,'2024-02-06',1.8),(21,85,3,'2024-02-07',1.9),(21,85,3,'2024-02-08',1.7),(21,85,3,'2024-02-09',1.8),(21,85,3,'2024-02-10',2),(21,85,3,'2024-02-11',1.8),(21,85,3,'2024-02-12',2.2),(21,85,3,'2024-02-13',2.1),(21,85,3,'2024-02-14',2),(21,85,3,'2024-02-15',1.9),(21,85,3,'2024-02-16',1.8),(21,85,3,'2024-02-17',1.9),(21,85,3,'2024-02-18',1.7),(21,85,3,'2024-02-19',1.6),(21,85,3,'2024-02-20',1.7),(21,85,3,'2024-02-21',1.6),(21,85,3,'2024-02-22',1.7),(21,85,3,'2024-02-23',1.6),(21,85,3,'2024-02-24',1.6),(21,85,3,'2024-02-25',1.7),(21,85,3,'2024-02-26',1.6),(21,85,3,'2024-02-27',1.7),(21,85,3,'2024-02-28',1.6),(21,85,3,'2024-02-29',1.6),(21,86,3,'2024-01-01',0.2),(21,86,3,'2024-01-02',0.2),(21,86,3,'2024-01-03',0.3),(21,86,3,'2024-01-04',0.4),(21,86,3,'2024-01-05',0.5),(21,86,3,'2024-01-06',0.6),(21,86,3,'2024-01-07',0.4),(21,86,3,'2024-01-08',0.2),(21,86,3,'2024-01-09',0.3),(21,86,3,'2024-01-10',0.2),(21,86,3,'2024-01-11',0.4),(21,86,3,'2024-01-12',0.5),(21,86,3,'2024-01-13',0.6),(21,86,3,'2024-01-14',0.4),(21,86,3,'2024-01-15',0.2),(21,86,3,'2024-01-16',0.3),(21,86,3,'2024-01-17',0.2),(21,86,3,'2024-01-18',0.4),(21,86,3,'2024-01-19',0.5),(21,86,3,'2024-01-20',0.6),(21,86,3,'2024-01-21',0.4),(21,86,3,'2024-01-22',0.2),(21,86,3,'2024-01-23',0.3),(21,86,3,'2024-01-24',0.2),(21,86,3,'2024-01-25',0.4),(21,86,3,'2024-01-26',0.5),(21,86,3,'2024-01-27',0.6),(21,86,3,'2024-01-28',0.4),(21,86,3,'2024-01-29',0.2),(21,86,3,'2024-01-30',0.3),(21,86,3,'2024-01-31',0.2),(21,86,3,'2024-02-01',0.4),(21,86,3,'2024-02-02',0.5),(21,86,3,'2024-02-03',0.6),(21,86,3,'2024-02-04',0.4),(21,86,3,'2024-02-05',0.2),(21,86,3,'2024-02-06',0.3),(21,86,3,'2024-02-07',0.2),(21,86,3,'2024-02-08',0.4),(21,86,3,'2024-02-09',0.5),(21,86,3,'2024-02-10',0.6),(21,86,3,'2024-02-11',0.4),(21,86,3,'2024-02-12',0.2),(21,86,3,'2024-02-13',0.3),(21,86,3,'2024-02-14',0.2),(21,86,3,'2024-02-15',0.4),(21,86,3,'2024-02-16',0.5),(21,86,3,'2024-02-17',0.6),(21,86,3,'2024-02-18',0.4),(21,86,3,'2024-02-19',0.2),(21,86,3,'2024-02-20',0.3),(21,86,3,'2024-02-21',0.2),(21,86,3,'2024-02-22',0.4),(21,86,3,'2024-02-23',0.5),(21,86,3,'2024-02-24',0.6),(21,86,3,'2024-02-25',0.4),(21,86,3,'2024-02-26',0.2),(21,86,3,'2024-02-27',0.3),(21,86,3,'2024-02-28',0.2),(21,86,3,'2024-02-29',0.4),(21,87,3,'2024-01-01',1.2),(21,87,3,'2024-01-02',1),(21,87,3,'2024-01-03',1.1),(21,87,3,'2024-01-04',1.3),(21,87,3,'2024-01-05',1.5),(21,87,3,'2024-01-06',1.8),(21,87,3,'2024-01-07',1.4),(21,87,3,'2024-01-08',1.2),(21,87,3,'2024-01-09',1.1),(21,87,3,'2024-01-10',1),(21,87,3,'2024-01-11',1.3),(21,87,3,'2024-01-12',1.5),(21,87,3,'2024-01-13',1.8),(21,87,3,'2024-01-14',1.4),(21,87,3,'2024-01-15',1.2),(21,87,3,'2024-01-16',1.1),(21,87,3,'2024-01-17',1),(21,87,3,'2024-01-18',1.3),(21,87,3,'2024-01-19',1.5),(21,87,3,'2024-01-20',1.8),(21,87,3,'2024-01-21',1.4),(21,87,3,'2024-01-22',1.2),(21,87,3,'2024-01-23',1.1),(21,87,3,'2024-01-24',1),(21,87,3,'2024-01-25',1.3),(21,87,3,'2024-01-26',1.5),(21,87,3,'2024-01-27',1.8),(21,87,3,'2024-01-28',1.4),(21,87,3,'2024-01-29',1.2),(21,87,3,'2024-01-30',1.1),(21,87,3,'2024-01-31',1),(21,87,3,'2024-02-01',1.3),(21,87,3,'2024-02-02',1.5),(21,87,3,'2024-02-03',1.8),(21,87,3,'2024-02-04',1.4),(21,87,3,'2024-02-05',1.2),(21,87,3,'2024-02-06',1.1),(21,87,3,'2024-02-07',1),(21,87,3,'2024-02-08',1.3),(21,87,3,'2024-02-09',1.5),(21,87,3,'2024-02-10',1.8),(21,87,3,'2024-02-11',1.4),(21,87,3,'2024-02-12',1.2),(21,87,3,'2024-02-13',1.1),(21,87,3,'2024-02-14',1),(21,87,3,'2024-02-15',1.3),(21,87,3,'2024-02-16',1.5),(21,87,3,'2024-02-17',1.8),(21,87,3,'2024-02-18',1.4),(21,87,3,'2024-02-19',1.2),(21,87,3,'2024-02-20',1.1),(21,87,3,'2024-02-21',1),(21,87,3,'2024-02-22',1.3),(21,87,3,'2024-02-23',1.5),(21,87,3,'2024-02-24',1.8),(21,87,3,'2024-02-25',1.4),(21,87,3,'2024-02-26',1.2),(21,87,3,'2024-02-27',1.1),(21,87,3,'2024-02-28',1),(21,87,3,'2024-02-29',1.3),(21,88,3,'2024-01-01',0.5),(21,88,3,'2024-01-02',0.6),(21,88,3,'2024-01-03',0.5),(21,88,3,'2024-01-04',0.7),(21,88,3,'2024-01-05',0.8),(21,88,3,'2024-01-06',1),(21,88,3,'2024-01-07',0.6),(21,88,3,'2024-01-08',0.5),(21,88,3,'2024-01-09',0.5),(21,88,3,'2024-01-10',0.6),(21,88,3,'2024-01-11',0.7),(21,88,3,'2024-01-12',0.8),(21,88,3,'2024-01-13',1),(21,88,3,'2024-01-14',0.6),(21,88,3,'2024-01-15',0.5),(21,88,3,'2024-01-16',0.5),(21,88,3,'2024-01-17',0.6),(21,88,3,'2024-01-18',0.7),(21,88,3,'2024-01-19',0.8),(21,88,3,'2024-01-20',1),(21,88,3,'2024-01-21',0.6),(21,88,3,'2024-01-22',0.5),(21,88,3,'2024-01-23',0.5),(21,88,3,'2024-01-24',0.6),(21,88,3,'2024-01-25',0.7),(21,88,3,'2024-01-26',0.8),(21,88,3,'2024-01-27',1),(21,88,3,'2024-01-28',0.6),(21,88,3,'2024-01-29',0.5),(21,88,3,'2024-01-30',0.5),(21,88,3,'2024-01-31',0.6),(21,88,3,'2024-02-01',0.7),(21,88,3,'2024-02-02',0.8),(21,88,3,'2024-02-03',1),(21,88,3,'2024-02-04',0.6),(21,88,3,'2024-02-05',0.5),(21,88,3,'2024-02-06',0.5),(21,88,3,'2024-02-07',0.6),(21,88,3,'2024-02-08',0.7),(21,88,3,'2024-02-09',0.8),(21,88,3,'2024-02-10',1),(21,88,3,'2024-02-11',0.6),(21,88,3,'2024-02-12',0.5),(21,88,3,'2024-02-13',0.5),(21,88,3,'2024-02-14',0.6),(21,88,3,'2024-02-15',0.7),(21,88,3,'2024-02-16',0.8),(21,88,3,'2024-02-17',1),(21,88,3,'2024-02-18',0.6),(21,88,3,'2024-02-19',0.5),(21,88,3,'2024-02-20',0.5),(21,88,3,'2024-02-21',0.6),(21,88,3,'2024-02-22',0.7),(21,88,3,'2024-02-23',0.8),(21,88,3,'2024-02-24',1),(21,88,3,'2024-02-25',0.6),(21,88,3,'2024-02-26',0.5),(21,88,3,'2024-02-27',0.5),(21,88,3,'2024-02-28',0.6),(21,88,3,'2024-02-29',0.7),(21,89,3,'2024-01-01',0.2),(21,89,3,'2024-01-02',0.3),(21,89,3,'2024-01-03',0.2),(21,89,3,'2024-01-04',0.4),(21,89,3,'2024-01-05',0.5),(21,89,3,'2024-01-06',0.6),(21,89,3,'2024-01-07',0.3),(21,89,3,'2024-01-08',0.2),(21,89,3,'2024-01-09',0.2),(21,89,3,'2024-01-10',0.3),(21,89,3,'2024-01-11',0.4),(21,89,3,'2024-01-12',0.5),(21,89,3,'2024-01-13',0.6),(21,89,3,'2024-01-14',0.3),(21,89,3,'2024-01-15',0.2),(21,89,3,'2024-01-16',0.2),(21,89,3,'2024-01-17',0.3),(21,89,3,'2024-01-18',0.4),(21,89,3,'2024-01-19',0.5),(21,89,3,'2024-01-20',0.6),(21,89,3,'2024-01-21',0.3),(21,89,3,'2024-01-22',0.2),(21,89,3,'2024-01-23',0.2),(21,89,3,'2024-01-24',0.3),(21,89,3,'2024-01-25',0.4),(21,89,3,'2024-01-26',0.5),(21,89,3,'2024-01-27',0.6),(21,89,3,'2024-01-28',0.3),(21,89,3,'2024-01-29',0.2),(21,89,3,'2024-01-30',0.2),(21,89,3,'2024-01-31',0.3),(21,89,3,'2024-02-01',0.4),(21,89,3,'2024-02-02',0.5),(21,89,3,'2024-02-03',0.6),(21,89,3,'2024-02-04',0.3),(21,89,3,'2024-02-05',0.2),(21,89,3,'2024-02-06',0.2),(21,89,3,'2024-02-07',0.3),(21,89,3,'2024-02-08',0.4),(21,89,3,'2024-02-09',0.5),(21,89,3,'2024-02-10',0.6),(21,89,3,'2024-02-11',0.3),(21,89,3,'2024-02-12',0.2),(21,89,3,'2024-02-13',0.2),(21,89,3,'2024-02-14',0.3),(21,89,3,'2024-02-15',0.4),(21,89,3,'2024-02-16',0.5),(21,89,3,'2024-02-17',0.6),(21,89,3,'2024-02-18',0.3),(21,89,3,'2024-02-19',0.2),(21,89,3,'2024-02-20',0.2),(21,89,3,'2024-02-21',0.3),(21,89,3,'2024-02-22',0.4),(21,89,3,'2024-02-23',0.5),(21,89,3,'2024-02-24',0.6),(21,89,3,'2024-02-25',0.3),(21,89,3,'2024-02-26',0.2),(21,89,3,'2024-02-27',0.2),(21,89,3,'2024-02-28',0.3),(21,89,3,'2024-02-29',0.4),(21,90,3,'2024-01-01',0.4),(21,90,3,'2024-01-02',0.6),(21,90,3,'2024-01-03',0.4),(21,90,3,'2024-01-04',0.8),(21,90,3,'2024-01-05',1),(21,90,3,'2024-01-06',1.2),(21,90,3,'2024-01-07',0.6),(21,90,3,'2024-01-08',0.4),(21,90,3,'2024-01-09',0.4),(21,90,3,'2024-01-10',0.6),(21,90,3,'2024-01-11',0.8),(21,90,3,'2024-01-12',1),(21,90,3,'2024-01-13',1.2),(21,90,3,'2024-01-14',0.6),(21,90,3,'2024-01-15',0.4),(21,90,3,'2024-01-16',0.4),(21,90,3,'2024-01-17',0.6),(21,90,3,'2024-01-18',0.8),(21,90,3,'2024-01-19',1),(21,90,3,'2024-01-20',1.2),(21,90,3,'2024-01-21',0.6),(21,90,3,'2024-01-22',0.4),(21,90,3,'2024-01-23',0.4),(21,90,3,'2024-01-24',0.6),(21,90,3,'2024-01-25',0.8),(21,90,3,'2024-01-26',1),(21,90,3,'2024-01-27',1.2),(21,90,3,'2024-01-28',0.6),(21,90,3,'2024-01-29',0.4),(21,90,3,'2024-01-30',0.4),(21,90,3,'2024-01-31',0.6),(21,90,3,'2024-02-01',0.8),(21,90,3,'2024-02-02',1),(21,90,3,'2024-02-03',1.2),(21,90,3,'2024-02-04',0.6),(21,90,3,'2024-02-05',0.4),(21,90,3,'2024-02-06',0.4),(21,90,3,'2024-02-07',0.6),(21,90,3,'2024-02-08',0.8),(21,90,3,'2024-02-09',1),(21,90,3,'2024-02-10',1.2),(21,90,3,'2024-02-11',0.6),(21,90,3,'2024-02-12',0.4),(21,90,3,'2024-02-13',0.4),(21,90,3,'2024-02-14',0.6),(21,90,3,'2024-02-15',0.8),(21,90,3,'2024-02-16',1),(21,90,3,'2024-02-17',1.2),(21,90,3,'2024-02-18',0.6),(21,90,3,'2024-02-19',0.4),(21,90,3,'2024-02-20',0.4),(21,90,3,'2024-02-21',0.6),(21,90,3,'2024-02-22',0.8),(21,90,3,'2024-02-23',1),(21,90,3,'2024-02-24',1.2),(21,90,3,'2024-02-25',0.6),(21,90,3,'2024-02-26',0.4),(21,90,3,'2024-02-27',0.4),(21,90,3,'2024-02-28',0.6),(21,90,3,'2024-02-29',0.8),(21,91,3,'2024-01-01',0.5),(21,91,3,'2024-01-02',0.7),(21,91,3,'2024-01-03',0.5),(21,91,3,'2024-01-04',0.9),(21,91,3,'2024-01-05',1.1),(21,91,3,'2024-01-06',1.3),(21,91,3,'2024-01-07',0.7),(21,91,3,'2024-01-08',0.5),(21,91,3,'2024-01-09',0.5),(21,91,3,'2024-01-10',0.7),(21,91,3,'2024-01-11',0.9),(21,91,3,'2024-01-12',1.1),(21,91,3,'2024-01-13',1.3),(21,91,3,'2024-01-14',0.7),(21,91,3,'2024-01-15',0.5),(21,91,3,'2024-01-16',0.5),(21,91,3,'2024-01-17',0.7),(21,91,3,'2024-01-18',0.9),(21,91,3,'2024-01-19',1.1),(21,91,3,'2024-01-20',1.3),(21,91,3,'2024-01-21',0.7),(21,91,3,'2024-01-22',0.5),(21,91,3,'2024-01-23',0.5),(21,91,3,'2024-01-24',0.7),(21,91,3,'2024-01-25',0.9),(21,91,3,'2024-01-26',1.1),(21,91,3,'2024-01-27',1.3),(21,91,3,'2024-01-28',0.7),(21,91,3,'2024-01-29',0.5),(21,91,3,'2024-01-30',0.5),(21,91,3,'2024-01-31',0.7),(21,91,3,'2024-02-01',0.9),(21,91,3,'2024-02-02',1.1),(21,91,3,'2024-02-03',1.3),(21,91,3,'2024-02-04',0.7),(21,91,3,'2024-02-05',0.5),(21,91,3,'2024-02-06',0.5),(21,91,3,'2024-02-07',0.7),(21,91,3,'2024-02-08',0.9),(21,91,3,'2024-02-09',1.1),(21,91,3,'2024-02-10',1.3),(21,91,3,'2024-02-11',0.7),(21,91,3,'2024-02-12',0.5),(21,91,3,'2024-02-13',0.5),(21,91,3,'2024-02-14',0.7),(21,91,3,'2024-02-15',0.9),(21,91,3,'2024-02-16',1.1),(21,91,3,'2024-02-17',1.3),(21,91,3,'2024-02-18',0.7),(21,91,3,'2024-02-19',0.5),(21,91,3,'2024-02-20',0.5),(21,91,3,'2024-02-21',0.7),(21,91,3,'2024-02-22',0.9),(21,91,3,'2024-02-23',1.1),(21,91,3,'2024-02-24',1.3),(21,91,3,'2024-02-25',0.7),(21,91,3,'2024-02-26',0.5),(21,91,3,'2024-02-27',0.5),(21,91,3,'2024-02-28',0.7),(21,91,3,'2024-02-29',0.9),(21,92,3,'2024-01-01',0.2),(21,92,3,'2024-01-02',0.3),(21,92,3,'2024-01-03',0.2),(21,92,3,'2024-01-04',0.4),(21,92,3,'2024-01-05',0.5),(21,92,3,'2024-01-06',0.6),(21,92,3,'2024-01-07',0.3),(21,92,3,'2024-01-08',0.2),(21,92,3,'2024-01-09',0.2),(21,92,3,'2024-01-10',0.3),(21,92,3,'2024-01-11',0.4),(21,92,3,'2024-01-12',0.5),(21,92,3,'2024-01-13',0.6),(21,92,3,'2024-01-14',0.3),(21,92,3,'2024-01-15',0.2),(21,92,3,'2024-01-16',0.2),(21,92,3,'2024-01-17',0.3),(21,92,3,'2024-01-18',0.4),(21,92,3,'2024-01-19',0.5),(21,92,3,'2024-01-20',0.6),(21,92,3,'2024-01-21',0.3),(21,92,3,'2024-01-22',0.2),(21,92,3,'2024-01-23',0.2),(21,92,3,'2024-01-24',0.3),(21,92,3,'2024-01-25',0.4),(21,92,3,'2024-01-26',0.5),(21,92,3,'2024-01-27',0.6),(21,92,3,'2024-01-28',0.3),(21,92,3,'2024-01-29',0.2),(21,92,3,'2024-01-30',0.2),(21,92,3,'2024-01-31',0.3),(21,92,3,'2024-02-01',0.4),(21,92,3,'2024-02-02',0.5),(21,92,3,'2024-02-03',0.6),(21,92,3,'2024-02-04',0.3),(21,92,3,'2024-02-05',0.2),(21,92,3,'2024-02-06',0.2),(21,92,3,'2024-02-07',0.3),(21,92,3,'2024-02-08',0.4),(21,92,3,'2024-02-09',0.5),(21,92,3,'2024-02-10',0.6),(21,92,3,'2024-02-11',0.3),(21,92,3,'2024-02-12',0.2),(21,92,3,'2024-02-13',0.2),(21,92,3,'2024-02-14',0.3),(21,92,3,'2024-02-15',0.4),(21,92,3,'2024-02-16',0.5),(21,92,3,'2024-02-17',0.6),(21,92,3,'2024-02-18',0.3),(21,92,3,'2024-02-19',0.2),(21,92,3,'2024-02-20',0.2),(21,92,3,'2024-02-21',0.3),(21,92,3,'2024-02-22',0.4),(21,92,3,'2024-02-23',0.5),(21,92,3,'2024-02-24',0.6),(21,92,3,'2024-02-25',0.3),(21,92,3,'2024-02-26',0.2),(21,92,3,'2024-02-27',0.2),(21,92,3,'2024-02-28',0.3),(21,92,3,'2024-02-29',0.4),(21,93,3,'2024-01-01',0.1),(21,93,3,'2024-01-02',0.12),(21,93,3,'2024-01-03',0.1),(21,93,3,'2024-01-04',0.02),(21,93,3,'2024-01-05',0.04),(21,93,3,'2024-01-06',0.03),(21,93,3,'2024-01-07',0.028),(21,93,3,'2024-01-08',0.0305),(21,93,3,'2024-01-09',0.031),(21,93,3,'2024-01-10',0.032),(21,93,3,'2024-01-11',0.0325),(21,93,3,'2024-01-12',0.035),(21,93,3,'2024-01-13',0.038),(21,93,3,'2024-01-14',0.04),(21,93,3,'2024-01-15',0.033),(21,93,3,'2024-01-16',0.033),(21,93,3,'2024-01-17',0.031),(21,93,3,'2024-01-18',0.038),(21,93,3,'2024-01-19',0.033),(21,93,3,'2024-01-20',0.034),(21,93,3,'2024-01-21',0.033),(21,93,3,'2024-01-22',0.033),(21,93,3,'2024-01-23',0.033),(21,93,3,'2024-01-24',0.034),(21,93,3,'2024-01-25',0.036),(21,93,3,'2024-01-26',0.037),(21,93,3,'2024-01-27',0.038),(21,93,3,'2024-01-28',0.036),(21,93,3,'2024-01-29',0.036),(21,93,3,'2024-01-30',0.034),(21,93,3,'2024-01-31',0.033),(21,93,3,'2024-02-01',0.032),(21,93,3,'2024-02-02',0.03),(21,93,3,'2024-02-03',0.034),(21,93,3,'2024-02-04',0.034),(21,93,3,'2024-02-05',0.036),(21,93,3,'2024-02-06',0.035),(21,93,3,'2024-02-07',0.033),(21,93,3,'2024-02-08',0.032),(21,93,3,'2024-02-09',0.031),(21,93,3,'2024-02-10',0.03),(21,93,3,'2024-02-11',0.032),(21,93,3,'2024-02-12',0.033),(21,93,3,'2024-02-13',0.033),(21,93,3,'2024-02-14',0.033),(21,93,3,'2024-02-15',0.035),(21,93,3,'2024-02-16',0.036),(21,93,3,'2024-02-17',0.035),(21,93,3,'2024-02-18',0.037),(21,93,3,'2024-02-19',0.038),(21,93,3,'2024-02-20',0.039),(21,93,3,'2024-02-21',0.04),(21,93,3,'2024-02-22',0.039),(21,93,3,'2024-02-23',0.038),(21,93,3,'2024-02-24',0.037),(21,93,3,'2024-02-25',0.038),(21,93,3,'2024-02-26',0.038),(21,93,3,'2024-02-27',0.039),(21,93,3,'2024-02-28',0.041),(21,93,3,'2024-02-29',0.041),(21,95,3,'2024-01-01',2.5),(21,95,3,'2024-01-02',3),(21,95,3,'2024-01-03',2),(21,95,3,'2024-01-04',2.5),(21,95,3,'2024-01-05',3.5),(21,95,3,'2024-01-06',4),(21,95,3,'2024-01-07',2),(21,95,3,'2024-01-08',2.5),(21,95,3,'2024-01-09',3),(21,95,3,'2024-01-10',2),(21,95,3,'2024-01-11',2.5),(21,95,3,'2024-01-12',3.5),(21,95,3,'2024-01-13',4),(21,95,3,'2024-01-14',2),(21,95,3,'2024-01-15',3),(21,95,3,'2024-01-16',2.5),(21,95,3,'2024-01-17',2),(21,95,3,'2024-01-18',2.5),(21,95,3,'2024-01-19',3),(21,95,3,'2024-01-20',3.5),(21,95,3,'2024-01-21',2),(21,95,3,'2024-01-22',2.5),(21,95,3,'2024-01-23',3),(21,95,3,'2024-01-24',2),(21,95,3,'2024-01-25',2.5),(21,95,3,'2024-01-26',3.5),(21,95,3,'2024-01-27',4),(21,95,3,'2024-01-28',2),(21,95,3,'2024-01-29',3),(21,95,3,'2024-01-30',2.5),(21,95,3,'2024-01-31',2),(21,95,3,'2024-02-01',2.5),(21,95,3,'2024-02-02',3.5),(21,95,3,'2024-02-03',4),(21,95,3,'2024-02-04',2),(21,95,3,'2024-02-05',2.5),(21,95,3,'2024-02-06',3),(21,95,3,'2024-02-07',2),(21,95,3,'2024-02-08',2.5),(21,95,3,'2024-02-09',3.5),(21,95,3,'2024-02-10',4),(21,95,3,'2024-02-11',2),(21,95,3,'2024-02-12',2.5),(21,95,3,'2024-02-13',3),(21,95,3,'2024-02-14',2),(21,95,3,'2024-02-15',2.5),(21,95,3,'2024-02-16',3.5),(21,95,3,'2024-02-17',4),(21,95,3,'2024-02-18',2),(21,95,3,'2024-02-19',3),(21,95,3,'2024-02-20',2.5),(21,95,3,'2024-02-21',2),(21,95,3,'2024-02-22',2.5),(21,95,3,'2024-02-23',3.5),(21,95,3,'2024-02-24',4),(21,95,3,'2024-02-25',2),(21,95,3,'2024-02-26',2.5),(21,95,3,'2024-02-27',3),(21,95,3,'2024-02-28',2),(21,95,3,'2024-02-29',3.5),(21,96,3,'2024-01-01',1.5),(21,96,3,'2024-01-02',2),(21,96,3,'2024-01-03',1),(21,96,3,'2024-01-04',1.5),(21,96,3,'2024-01-05',2.5),(21,96,3,'2024-01-06',3),(21,96,3,'2024-01-07',1),(21,96,3,'2024-01-08',1.5),(21,96,3,'2024-01-09',2),(21,96,3,'2024-01-10',1),(21,96,3,'2024-01-11',1.5),(21,96,3,'2024-01-12',2.5),(21,96,3,'2024-01-13',3),(21,96,3,'2024-01-14',1),(21,96,3,'2024-01-15',2),(21,96,3,'2024-01-16',1.5),(21,96,3,'2024-01-17',1),(21,96,3,'2024-01-18',1.5),(21,96,3,'2024-01-19',2),(21,96,3,'2024-01-20',2.5),(21,96,3,'2024-01-21',1),(21,96,3,'2024-01-22',1.5),(21,96,3,'2024-01-23',2),(21,96,3,'2024-01-24',1),(21,96,3,'2024-01-25',1.5),(21,96,3,'2024-01-26',2.5),(21,96,3,'2024-01-27',3),(21,96,3,'2024-01-28',1),(21,96,3,'2024-01-29',2),(21,96,3,'2024-01-30',1.5),(21,96,3,'2024-01-31',1),(21,96,3,'2024-02-01',1.5),(21,96,3,'2024-02-02',2.5),(21,96,3,'2024-02-03',3),(21,96,3,'2024-02-04',1),(21,96,3,'2024-02-05',1.5),(21,96,3,'2024-02-06',2),(21,96,3,'2024-02-07',1),(21,96,3,'2024-02-08',1.5),(21,96,3,'2024-02-09',2.5),(21,96,3,'2024-02-10',3),(21,96,3,'2024-02-11',1),(21,96,3,'2024-02-12',1.5),(21,96,3,'2024-02-13',2),(21,96,3,'2024-02-14',1),(21,96,3,'2024-02-15',1.5),(21,96,3,'2024-02-16',2.5),(21,96,3,'2024-02-17',3),(21,96,3,'2024-02-18',1),(21,96,3,'2024-02-19',2),(21,96,3,'2024-02-20',1.5),(21,96,3,'2024-02-21',1),(21,96,3,'2024-02-22',1.5),(21,96,3,'2024-02-23',2.5),(21,96,3,'2024-02-24',3),(21,96,3,'2024-02-25',1),(21,96,3,'2024-02-26',1.5),(21,96,3,'2024-02-27',2),(21,96,3,'2024-02-28',1),(21,96,3,'2024-02-29',2.5),(21,97,3,'2024-01-01',0.5),(21,97,3,'2024-01-02',0.7),(21,97,3,'2024-01-03',0.6),(21,97,3,'2024-01-04',0.5),(21,97,3,'2024-01-05',0.8),(21,97,3,'2024-01-06',1),(21,97,3,'2024-01-07',0.6),(21,97,3,'2024-01-08',0.5),(21,97,3,'2024-01-09',0.7),(21,97,3,'2024-01-10',0.6),(21,97,3,'2024-01-11',0.5),(21,97,3,'2024-01-12',0.8),(21,97,3,'2024-01-13',1),(21,97,3,'2024-01-14',0.6),(21,97,3,'2024-01-15',0.7),(21,97,3,'2024-01-16',0.5),(21,97,3,'2024-01-17',0.6),(21,97,3,'2024-01-18',0.5),(21,97,3,'2024-01-19',0.7),(21,97,3,'2024-01-20',0.8),(21,97,3,'2024-01-21',0.6),(21,97,3,'2024-01-22',0.5),(21,97,3,'2024-01-23',0.7),(21,97,3,'2024-01-24',0.6),(21,97,3,'2024-01-25',0.5),(21,97,3,'2024-01-26',0.8),(21,97,3,'2024-01-27',1),(21,97,3,'2024-01-28',0.6),(21,97,3,'2024-01-29',0.7),(21,97,3,'2024-01-30',0.5),(21,97,3,'2024-01-31',0.6),(21,97,3,'2024-02-01',0.5),(21,97,3,'2024-02-02',0.8),(21,97,3,'2024-02-03',1),(21,97,3,'2024-02-04',0.6),(21,97,3,'2024-02-05',0.5),(21,97,3,'2024-02-06',0.7),(21,97,3,'2024-02-07',0.6),(21,97,3,'2024-02-08',0.5),(21,97,3,'2024-02-09',0.8),(21,97,3,'2024-02-10',1),(21,97,3,'2024-02-11',0.6),(21,97,3,'2024-02-12',0.5),(21,97,3,'2024-02-13',0.7),(21,97,3,'2024-02-14',0.6),(21,97,3,'2024-02-15',0.5),(21,97,3,'2024-02-16',0.8),(21,97,3,'2024-02-17',1),(21,97,3,'2024-02-18',0.6),(21,97,3,'2024-02-19',0.5),(21,97,3,'2024-02-20',0.7),(21,97,3,'2024-02-21',0.6),(21,97,3,'2024-02-22',0.5),(21,97,3,'2024-02-23',0.8),(21,97,3,'2024-02-24',1),(21,97,3,'2024-02-25',0.6),(21,97,3,'2024-02-26',0.5),(21,97,3,'2024-02-27',0.7),(21,97,3,'2024-02-28',0.6),(21,97,3,'2024-02-29',0.8),(21,98,3,'2024-01-01',0.4),(21,98,3,'2024-01-02',0.6),(21,98,3,'2024-01-03',0.5),(21,98,3,'2024-01-04',0.4),(21,98,3,'2024-01-05',0.7),(21,98,3,'2024-01-06',0.9),(21,98,3,'2024-01-07',0.5),(21,98,3,'2024-01-08',0.4),(21,98,3,'2024-01-09',0.6),(21,98,3,'2024-01-10',0.5),(21,98,3,'2024-01-11',0.4),(21,98,3,'2024-01-12',0.7),(21,98,3,'2024-01-13',0.9),(21,98,3,'2024-01-14',0.5),(21,98,3,'2024-01-15',0.6),(21,98,3,'2024-01-16',0.4),(21,98,3,'2024-01-17',0.5),(21,98,3,'2024-01-18',0.4),(21,98,3,'2024-01-19',0.6),(21,98,3,'2024-01-20',0.7),(21,98,3,'2024-01-21',0.5),(21,98,3,'2024-01-22',0.4),(21,98,3,'2024-01-23',0.6),(21,98,3,'2024-01-24',0.5),(21,98,3,'2024-01-25',0.4),(21,98,3,'2024-01-26',0.7),(21,98,3,'2024-01-27',0.9),(21,98,3,'2024-01-28',0.5),(21,98,3,'2024-01-29',0.6),(21,98,3,'2024-01-30',0.4),(21,98,3,'2024-01-31',0.5),(21,98,3,'2024-02-01',0.4),(21,98,3,'2024-02-02',0.7),(21,98,3,'2024-02-03',0.9),(21,98,3,'2024-02-04',0.5),(21,98,3,'2024-02-05',0.4),(21,98,3,'2024-02-06',0.6),(21,98,3,'2024-02-07',0.5),(21,98,3,'2024-02-08',0.4),(21,98,3,'2024-02-09',0.7),(21,98,3,'2024-02-10',0.9),(21,98,3,'2024-02-11',0.5),(21,98,3,'2024-02-12',0.4),(21,98,3,'2024-02-13',0.6),(21,98,3,'2024-02-14',0.5),(21,98,3,'2024-02-15',0.4),(21,98,3,'2024-02-16',0.7),(21,98,3,'2024-02-17',0.9),(21,98,3,'2024-02-18',0.5),(21,98,3,'2024-02-19',0.4),(21,98,3,'2024-02-20',0.6),(21,98,3,'2024-02-21',0.5),(21,98,3,'2024-02-22',0.4),(21,98,3,'2024-02-23',0.7),(21,98,3,'2024-02-24',0.9),(21,98,3,'2024-02-25',0.5),(21,98,3,'2024-02-26',0.4),(21,98,3,'2024-02-27',0.6),(21,98,3,'2024-02-28',0.5),(21,98,3,'2024-02-29',0.7),(21,99,4,'2024-01-01',8),(21,99,4,'2024-01-02',8),(21,99,4,'2024-01-03',8),(21,99,4,'2024-01-04',8),(21,99,4,'2024-01-05',8),(21,99,4,'2024-01-06',4),(21,99,4,'2024-01-07',0),(21,99,4,'2024-01-08',8),(21,99,4,'2024-01-09',8),(21,99,4,'2024-01-10',8),(21,99,4,'2024-01-11',8),(21,99,4,'2024-01-12',8),(21,99,4,'2024-01-13',4),(21,99,4,'2024-01-14',0),(21,99,4,'2024-01-15',8),(21,99,4,'2024-01-16',8),(21,99,4,'2024-01-17',8),(21,99,4,'2024-01-18',8),(21,99,4,'2024-01-19',8),(21,99,4,'2024-01-20',4),(21,99,4,'2024-01-21',0),(21,99,4,'2024-01-22',8),(21,99,4,'2024-01-23',8),(21,99,4,'2024-01-24',8),(21,99,4,'2024-01-25',8),(21,99,4,'2024-01-26',8),(21,99,4,'2024-01-27',4),(21,99,4,'2024-01-28',0),(21,99,4,'2024-01-29',8),(21,99,4,'2024-01-30',8),(21,99,4,'2024-01-31',8),(21,99,4,'2024-02-01',8),(21,99,4,'2024-02-02',8),(21,99,4,'2024-02-03',4),(21,99,4,'2024-02-04',0),(21,99,4,'2024-02-05',8),(21,99,4,'2024-02-06',8),(21,99,4,'2024-02-07',8),(21,99,4,'2024-02-08',8),(21,99,4,'2024-02-09',8),(21,99,4,'2024-02-10',4),(21,99,4,'2024-02-11',0),(21,99,4,'2024-02-12',8),(21,99,4,'2024-02-13',8),(21,99,4,'2024-02-14',8),(21,99,4,'2024-02-15',8),(21,99,4,'2024-02-16',8),(21,99,4,'2024-02-17',4),(21,99,4,'2024-02-18',0),(21,99,4,'2024-02-19',8),(21,99,4,'2024-02-20',8),(21,99,4,'2024-02-21',8),(21,99,4,'2024-02-22',8),(21,99,4,'2024-02-23',8),(21,99,4,'2024-02-24',4),(21,99,4,'2024-02-25',0),(21,99,4,'2024-02-26',8),(21,99,4,'2024-02-27',8),(21,99,4,'2024-02-28',8),(21,99,4,'2024-02-29',8),(21,100,4,'2024-01-01',8),(21,100,4,'2024-01-02',8),(21,100,4,'2024-01-03',8),(21,100,4,'2024-01-04',8),(21,100,4,'2024-01-05',8),(21,100,4,'2024-01-06',4),(21,100,4,'2024-01-07',0),(21,100,4,'2024-01-08',8),(21,100,4,'2024-01-09',8),(21,100,4,'2024-01-10',8),(21,100,4,'2024-01-11',8),(21,100,4,'2024-01-12',8),(21,100,4,'2024-01-13',4),(21,100,4,'2024-01-14',0),(21,100,4,'2024-01-15',8),(21,100,4,'2024-01-16',8),(21,100,4,'2024-01-17',8),(21,100,4,'2024-01-18',8),(21,100,4,'2024-01-19',8),(21,100,4,'2024-01-20',4),(21,100,4,'2024-01-21',0),(21,100,4,'2024-01-22',8),(21,100,4,'2024-01-23',8),(21,100,4,'2024-01-24',8),(21,100,4,'2024-01-25',8),(21,100,4,'2024-01-26',8),(21,100,4,'2024-01-27',4),(21,100,4,'2024-01-28',0),(21,100,4,'2024-01-29',8),(21,100,4,'2024-01-30',8),(21,100,4,'2024-01-31',8),(21,100,4,'2024-02-01',8),(21,100,4,'2024-02-02',8),(21,100,4,'2024-02-03',4),(21,100,4,'2024-02-04',0),(21,100,4,'2024-02-05',8),(21,100,4,'2024-02-06',8),(21,100,4,'2024-02-07',8),(21,100,4,'2024-02-08',8),(21,100,4,'2024-02-09',8),(21,100,4,'2024-02-10',4),(21,100,4,'2024-02-11',0),(21,100,4,'2024-02-12',8),(21,100,4,'2024-02-13',8),(21,100,4,'2024-02-14',8),(21,100,4,'2024-02-15',8),(21,100,4,'2024-02-16',8),(21,100,4,'2024-02-17',4),(21,100,4,'2024-02-18',0),(21,100,4,'2024-02-19',8),(21,100,4,'2024-02-20',8),(21,100,4,'2024-02-21',8),(21,100,4,'2024-02-22',8),(21,100,4,'2024-02-23',8),(21,100,4,'2024-02-24',4),(21,100,4,'2024-02-25',0),(21,100,4,'2024-02-26',8),(21,100,4,'2024-02-27',8),(21,100,4,'2024-02-28',8),(21,100,4,'2024-02-29',8),(21,101,4,'2024-01-01',8),(21,101,4,'2024-01-02',8),(21,101,4,'2024-01-03',8),(21,101,4,'2024-01-04',8),(21,101,4,'2024-01-05',8),(21,101,4,'2024-01-06',4),(21,101,4,'2024-01-07',0),(21,101,4,'2024-01-08',8),(21,101,4,'2024-01-09',8),(21,101,4,'2024-01-10',8),(21,101,4,'2024-01-11',8),(21,101,4,'2024-01-12',8),(21,101,4,'2024-01-13',4),(21,101,4,'2024-01-14',0),(21,101,4,'2024-01-15',8),(21,101,4,'2024-01-16',8),(21,101,4,'2024-01-17',8),(21,101,4,'2024-01-18',8),(21,101,4,'2024-01-19',8),(21,101,4,'2024-01-20',4),(21,101,4,'2024-01-21',0),(21,101,4,'2024-01-22',8),(21,101,4,'2024-01-23',8),(21,101,4,'2024-01-24',8),(21,101,4,'2024-01-25',8),(21,101,4,'2024-01-26',8),(21,101,4,'2024-01-27',4),(21,101,4,'2024-01-28',0),(21,101,4,'2024-01-29',8),(21,101,4,'2024-01-30',8),(21,101,4,'2024-01-31',8),(21,101,4,'2024-02-01',8),(21,101,4,'2024-02-02',8),(21,101,4,'2024-02-03',4),(21,101,4,'2024-02-04',0),(21,101,4,'2024-02-05',8),(21,101,4,'2024-02-06',8),(21,101,4,'2024-02-07',8),(21,101,4,'2024-02-08',8),(21,101,4,'2024-02-09',8),(21,101,4,'2024-02-10',4),(21,101,4,'2024-02-11',0),(21,101,4,'2024-02-12',8),(21,101,4,'2024-02-13',8),(21,101,4,'2024-02-14',8),(21,101,4,'2024-02-15',8),(21,101,4,'2024-02-16',8),(21,101,4,'2024-02-17',4),(21,101,4,'2024-02-18',0),(21,101,4,'2024-02-19',8),(21,101,4,'2024-02-20',8),(21,101,4,'2024-02-21',8),(21,101,4,'2024-02-22',8),(21,101,4,'2024-02-23',8),(21,101,4,'2024-02-24',4),(21,101,4,'2024-02-25',0),(21,101,4,'2024-02-26',8),(21,101,4,'2024-02-27',8),(21,101,4,'2024-02-28',8),(21,101,4,'2024-02-29',8),(21,102,4,'2024-01-01',8),(21,102,4,'2024-01-02',8),(21,102,4,'2024-01-03',8),(21,102,4,'2024-01-04',8),(21,102,4,'2024-01-05',8),(21,102,4,'2024-01-06',4),(21,102,4,'2024-01-07',0),(21,102,4,'2024-01-08',8),(21,102,4,'2024-01-09',8),(21,102,4,'2024-01-10',8),(21,102,4,'2024-01-11',8),(21,102,4,'2024-01-12',8),(21,102,4,'2024-01-13',4),(21,102,4,'2024-01-14',0),(21,102,4,'2024-01-15',8),(21,102,4,'2024-01-16',8),(21,102,4,'2024-01-17',8),(21,102,4,'2024-01-18',8),(21,102,4,'2024-01-19',8),(21,102,4,'2024-01-20',4),(21,102,4,'2024-01-21',0),(21,102,4,'2024-01-22',8),(21,102,4,'2024-01-23',8),(21,102,4,'2024-01-24',8),(21,102,4,'2024-01-25',8),(21,102,4,'2024-01-26',8),(21,102,4,'2024-01-27',4),(21,102,4,'2024-01-28',0),(21,102,4,'2024-01-29',8),(21,102,4,'2024-01-30',8),(21,102,4,'2024-01-31',8),(21,102,4,'2024-02-01',8),(21,102,4,'2024-02-02',8),(21,102,4,'2024-02-03',4),(21,102,4,'2024-02-04',0),(21,102,4,'2024-02-05',8),(21,102,4,'2024-02-06',8),(21,102,4,'2024-02-07',8),(21,102,4,'2024-02-08',8),(21,102,4,'2024-02-09',8),(21,102,4,'2024-02-10',4),(21,102,4,'2024-02-11',0),(21,102,4,'2024-02-12',8),(21,102,4,'2024-02-13',8),(21,102,4,'2024-02-14',0),(21,102,4,'2024-02-15',8),(21,102,4,'2024-02-16',8),(21,102,4,'2024-02-17',4),(21,102,4,'2024-02-18',0),(21,102,4,'2024-02-19',8),(21,102,4,'2024-02-20',8),(21,102,4,'2024-02-21',8),(21,102,4,'2024-02-22',8),(21,102,4,'2024-02-23',8),(21,102,4,'2024-02-24',0),(21,102,4,'2024-02-25',0),(21,102,4,'2024-02-26',8),(21,102,4,'2024-02-27',8),(21,102,4,'2024-02-28',8),(21,102,4,'2024-02-29',8),(21,103,4,'2024-01-01',8),(21,103,4,'2024-01-02',8),(21,103,4,'2024-01-03',8),(21,103,4,'2024-01-04',8),(21,103,4,'2024-01-05',8),(21,103,4,'2024-01-06',4),(21,103,4,'2024-01-07',0),(21,103,4,'2024-01-08',8),(21,103,4,'2024-01-09',8),(21,103,4,'2024-01-10',8),(21,103,4,'2024-01-11',8),(21,103,4,'2024-01-12',8),(21,103,4,'2024-01-13',4),(21,103,4,'2024-01-14',0),(21,103,4,'2024-01-15',8),(21,103,4,'2024-01-16',8),(21,103,4,'2024-01-17',8),(21,103,4,'2024-01-18',8),(21,103,4,'2024-01-19',8),(21,103,4,'2024-01-20',4),(21,103,4,'2024-01-21',0),(21,103,4,'2024-01-22',8),(21,103,4,'2024-01-23',8),(21,103,4,'2024-01-24',8),(21,103,4,'2024-01-25',8),(21,103,4,'2024-01-26',8),(21,103,4,'2024-01-27',4),(21,103,4,'2024-01-28',0),(21,103,4,'2024-01-29',8),(21,103,4,'2024-01-30',8),(21,103,4,'2024-01-31',8),(21,103,4,'2024-02-01',8),(21,103,4,'2024-02-02',8),(21,103,4,'2024-02-03',4),(21,103,4,'2024-02-04',0),(21,103,4,'2024-02-05',8),(21,103,4,'2024-02-06',8),(21,103,4,'2024-02-07',8),(21,103,4,'2024-02-08',8),(21,103,4,'2024-02-09',8),(21,103,4,'2024-02-10',4),(21,103,4,'2024-02-11',0),(21,103,4,'2024-02-12',8),(21,103,4,'2024-02-13',8),(21,103,4,'2024-02-14',8),(21,103,4,'2024-02-15',8),(21,103,4,'2024-02-16',8),(21,103,4,'2024-02-17',4),(21,103,4,'2024-02-18',0),(21,103,4,'2024-02-19',8),(21,103,4,'2024-02-20',8),(21,103,4,'2024-02-21',8),(21,103,4,'2024-02-22',8),(21,103,4,'2024-02-23',8),(21,103,4,'2024-02-24',4),(21,103,4,'2024-02-25',0),(21,103,4,'2024-02-26',8),(21,103,4,'2024-02-27',8),(21,103,4,'2024-02-28',8),(21,103,4,'2024-02-29',8),(21,104,4,'2024-01-01',8),(21,104,4,'2024-01-02',8),(21,104,4,'2024-01-03',8),(21,104,4,'2024-01-04',8),(21,104,4,'2024-01-05',8),(21,104,4,'2024-01-06',4),(21,104,4,'2024-01-07',0),(21,104,4,'2024-01-08',8),(21,104,4,'2024-01-09',8),(21,104,4,'2024-01-10',8),(21,104,4,'2024-01-11',8),(21,104,4,'2024-01-12',8),(21,104,4,'2024-01-13',4),(21,104,4,'2024-01-14',0),(21,104,4,'2024-01-15',8),(21,104,4,'2024-01-16',8),(21,104,4,'2024-01-17',8),(21,104,4,'2024-01-18',8),(21,104,4,'2024-01-19',8),(21,104,4,'2024-01-20',4),(21,104,4,'2024-01-21',0),(21,104,4,'2024-01-22',8),(21,104,4,'2024-01-23',8),(21,104,4,'2024-01-24',8),(21,104,4,'2024-01-25',8),(21,104,4,'2024-01-26',8),(21,104,4,'2024-01-27',4),(21,104,4,'2024-01-28',0),(21,104,4,'2024-01-29',8),(21,104,4,'2024-01-30',8),(21,104,4,'2024-01-31',8),(21,104,4,'2024-02-01',8),(21,104,4,'2024-02-02',8),(21,104,4,'2024-02-03',4),(21,104,4,'2024-02-04',0),(21,104,4,'2024-02-05',8),(21,104,4,'2024-02-06',8),(21,104,4,'2024-02-07',8),(21,104,4,'2024-02-08',8),(21,104,4,'2024-02-09',8),(21,104,4,'2024-02-10',4),(21,104,4,'2024-02-11',0),(21,104,4,'2024-02-12',8),(21,104,4,'2024-02-13',8),(21,104,4,'2024-02-14',0),(21,104,4,'2024-02-15',8),(21,104,4,'2024-02-16',8),(21,104,4,'2024-02-17',4),(21,104,4,'2024-02-18',0),(21,104,4,'2024-02-19',8),(21,104,4,'2024-02-20',8),(21,104,4,'2024-02-21',8),(21,104,4,'2024-02-22',8),(21,104,4,'2024-02-23',8),(21,104,4,'2024-02-24',4),(21,104,4,'2024-02-25',0),(21,104,4,'2024-02-26',8),(21,104,4,'2024-02-27',8),(21,104,4,'2024-02-28',8),(21,104,4,'2024-02-29',8),(21,105,4,'2024-01-01',8),(21,105,4,'2024-01-02',8),(21,105,4,'2024-01-03',8),(21,105,4,'2024-01-04',8),(21,105,4,'2024-01-05',8),(21,105,4,'2024-01-06',4),(21,105,4,'2024-01-07',0),(21,105,4,'2024-01-08',8),(21,105,4,'2024-01-09',8),(21,105,4,'2024-01-10',8),(21,105,4,'2024-01-11',8),(21,105,4,'2024-01-12',8),(21,105,4,'2024-01-13',4),(21,105,4,'2024-01-14',0),(21,105,4,'2024-01-15',8),(21,105,4,'2024-01-16',8),(21,105,4,'2024-01-17',8),(21,105,4,'2024-01-18',8),(21,105,4,'2024-01-19',8),(21,105,4,'2024-01-20',4),(21,105,4,'2024-01-21',0),(21,105,4,'2024-01-22',8),(21,105,4,'2024-01-23',8),(21,105,4,'2024-01-24',8),(21,105,4,'2024-01-25',8),(21,105,4,'2024-01-26',8),(21,105,4,'2024-01-27',4),(21,105,4,'2024-01-28',0),(21,105,4,'2024-01-29',8),(21,105,4,'2024-01-30',8),(21,105,4,'2024-01-31',8),(21,105,4,'2024-02-01',8),(21,105,4,'2024-02-02',8),(21,105,4,'2024-02-03',4),(21,105,4,'2024-02-04',0),(21,105,4,'2024-02-05',8),(21,105,4,'2024-02-06',8),(21,105,4,'2024-02-07',8),(21,105,4,'2024-02-08',8),(21,105,4,'2024-02-09',8),(21,105,4,'2024-02-10',4),(21,105,4,'2024-02-11',0),(21,105,4,'2024-02-12',8),(21,105,4,'2024-02-13',8),(21,105,4,'2024-02-14',8),(21,105,4,'2024-02-15',8),(21,105,4,'2024-02-16',8),(21,105,4,'2024-02-17',4),(21,105,4,'2024-02-18',0),(21,105,4,'2024-02-19',8),(21,105,4,'2024-02-20',8),(21,105,4,'2024-02-21',8),(21,105,4,'2024-02-22',8),(21,105,4,'2024-02-23',8),(21,105,4,'2024-02-24',4),(21,105,4,'2024-02-25',0),(21,105,4,'2024-02-26',8),(21,105,4,'2024-02-27',8),(21,105,4,'2024-02-28',8),(21,105,4,'2024-02-29',8),(21,106,4,'2024-01-01',8),(21,106,4,'2024-01-02',8),(21,106,4,'2024-01-03',8),(21,106,4,'2024-01-04',8),(21,106,4,'2024-01-05',8),(21,106,4,'2024-01-06',4),(21,106,4,'2024-01-07',0),(21,106,4,'2024-01-08',8),(21,106,4,'2024-01-09',8),(21,106,4,'2024-01-10',8),(21,106,4,'2024-01-11',8),(21,106,4,'2024-01-12',8),(21,106,4,'2024-01-13',4),(21,106,4,'2024-01-14',0),(21,106,4,'2024-01-15',8),(21,106,4,'2024-01-16',8),(21,106,4,'2024-01-17',8),(21,106,4,'2024-01-18',8),(21,106,4,'2024-01-19',8),(21,106,4,'2024-01-20',4),(21,106,4,'2024-01-21',0),(21,106,4,'2024-01-22',8),(21,106,4,'2024-01-23',8),(21,106,4,'2024-01-24',8),(21,106,4,'2024-01-25',8),(21,106,4,'2024-01-26',8),(21,106,4,'2024-01-27',4),(21,106,4,'2024-01-28',0),(21,106,4,'2024-01-29',8),(21,106,4,'2024-01-30',8),(21,106,4,'2024-01-31',8),(21,106,4,'2024-02-01',8),(21,106,4,'2024-02-02',8),(21,106,4,'2024-02-03',4),(21,106,4,'2024-02-04',0),(21,106,4,'2024-02-05',8),(21,106,4,'2024-02-06',8),(21,106,4,'2024-02-07',8),(21,106,4,'2024-02-08',8),(21,106,4,'2024-02-09',8),(21,106,4,'2024-02-10',4),(21,106,4,'2024-02-11',0),(21,106,4,'2024-02-12',8),(21,106,4,'2024-02-13',8),(21,106,4,'2024-02-14',8),(21,106,4,'2024-02-15',8),(21,106,4,'2024-02-16',8),(21,106,4,'2024-02-17',4),(21,106,4,'2024-02-18',0),(21,106,4,'2024-02-19',8),(21,106,4,'2024-02-20',8),(21,106,4,'2024-02-21',8),(21,106,4,'2024-02-22',8),(21,106,4,'2024-02-23',8),(21,106,4,'2024-02-24',4),(21,106,4,'2024-02-25',0),(21,106,4,'2024-02-26',8),(21,106,4,'2024-02-27',8),(21,106,4,'2024-02-28',8),(21,106,4,'2024-02-29',8),(21,107,4,'2024-01-01',24),(21,107,4,'2024-01-02',24),(21,107,4,'2024-01-03',24),(21,107,4,'2024-01-04',24),(21,107,4,'2024-01-05',24),(21,107,4,'2024-01-06',24),(21,107,4,'2024-01-07',24),(21,107,4,'2024-01-08',24),(21,107,4,'2024-01-09',24),(21,107,4,'2024-01-10',24),(21,107,4,'2024-01-11',24),(21,107,4,'2024-01-12',24),(21,107,4,'2024-01-13',24),(21,107,4,'2024-01-14',24),(21,107,4,'2024-01-15',24),(21,107,4,'2024-01-16',24),(21,107,4,'2024-01-17',24),(21,107,4,'2024-01-18',24),(21,107,4,'2024-01-19',24),(21,107,4,'2024-01-20',24),(21,107,4,'2024-01-21',24),(21,107,4,'2024-01-22',24),(21,107,4,'2024-01-23',24),(21,107,4,'2024-01-24',24),(21,107,4,'2024-01-25',24),(21,107,4,'2024-01-26',24),(21,107,4,'2024-01-27',24),(21,107,4,'2024-01-28',24),(21,107,4,'2024-01-29',24),(21,107,4,'2024-01-30',24),(21,107,4,'2024-01-31',24),(21,107,4,'2024-02-01',24),(21,107,4,'2024-02-02',24),(21,107,4,'2024-02-03',24),(21,107,4,'2024-02-04',24),(21,107,4,'2024-02-05',24),(21,107,4,'2024-02-06',24),(21,107,4,'2024-02-07',24),(21,107,4,'2024-02-08',24),(21,107,4,'2024-02-09',24),(21,107,4,'2024-02-10',24),(21,107,4,'2024-02-11',24),(21,107,4,'2024-02-12',24),(21,107,4,'2024-02-13',24),(21,107,4,'2024-02-14',24),(21,107,4,'2024-02-15',24),(21,107,4,'2024-02-16',24),(21,107,4,'2024-02-17',24),(21,107,4,'2024-02-18',24),(21,107,4,'2024-02-19',24),(21,107,4,'2024-02-20',24),(21,107,4,'2024-02-21',24),(21,107,4,'2024-02-22',24),(21,107,4,'2024-02-23',24),(21,107,4,'2024-02-24',24),(21,107,4,'2024-02-25',24),(21,107,4,'2024-02-26',24),(21,107,4,'2024-02-27',24),(21,107,4,'2024-02-28',24),(21,107,4,'2024-02-29',24),(21,108,4,'2024-01-01',24),(21,108,4,'2024-01-02',24),(21,108,4,'2024-01-03',24),(21,108,4,'2024-01-04',24),(21,108,4,'2024-01-05',24),(21,108,4,'2024-01-06',24),(21,108,4,'2024-01-07',24),(21,108,4,'2024-01-08',24),(21,108,4,'2024-01-09',24),(21,108,4,'2024-01-10',24),(21,108,4,'2024-01-11',24),(21,108,4,'2024-01-12',24),(21,108,4,'2024-01-13',24),(21,108,4,'2024-01-14',24),(21,108,4,'2024-01-15',24),(21,108,4,'2024-01-16',24),(21,108,4,'2024-01-17',24),(21,108,4,'2024-01-18',24),(21,108,4,'2024-01-19',24),(21,108,4,'2024-01-20',24),(21,108,4,'2024-01-21',24),(21,108,4,'2024-01-22',24),(21,108,4,'2024-01-23',24),(21,108,4,'2024-01-24',24),(21,108,4,'2024-01-25',24),(21,108,4,'2024-01-26',24),(21,108,4,'2024-01-27',24),(21,108,4,'2024-01-28',24),(21,108,4,'2024-01-29',24),(21,108,4,'2024-01-30',24),(21,108,4,'2024-01-31',24),(21,108,4,'2024-02-01',24),(21,108,4,'2024-02-02',24),(21,108,4,'2024-02-03',24),(21,108,4,'2024-02-04',24),(21,108,4,'2024-02-05',24),(21,108,4,'2024-02-06',24),(21,108,4,'2024-02-07',24),(21,108,4,'2024-02-08',24),(21,108,4,'2024-02-09',24),(21,108,4,'2024-02-10',24),(21,108,4,'2024-02-11',24),(21,108,4,'2024-02-12',24),(21,108,4,'2024-02-13',24),(21,108,4,'2024-02-14',24),(21,108,4,'2024-02-15',24),(21,108,4,'2024-02-16',24),(21,108,4,'2024-02-17',24),(21,108,4,'2024-02-18',24),(21,108,4,'2024-02-19',24),(21,108,4,'2024-02-20',24),(21,108,4,'2024-02-21',24),(21,108,4,'2024-02-22',24),(21,108,4,'2024-02-23',24),(21,108,4,'2024-02-24',24),(21,108,4,'2024-02-25',24),(21,108,4,'2024-02-26',24),(21,108,4,'2024-02-27',24),(21,108,4,'2024-02-28',24),(21,108,4,'2024-02-29',24),(21,109,4,'2024-01-01',8),(21,109,4,'2024-01-02',8),(21,109,4,'2024-01-03',8),(21,109,4,'2024-01-04',8),(21,109,4,'2024-01-05',8),(21,109,4,'2024-01-06',4),(21,109,4,'2024-01-07',0),(21,109,4,'2024-01-08',8),(21,109,4,'2024-01-09',8),(21,109,4,'2024-01-10',8),(21,109,4,'2024-01-11',8),(21,109,4,'2024-01-12',8),(21,109,4,'2024-01-13',4),(21,109,4,'2024-01-14',0),(21,109,4,'2024-01-15',8),(21,109,4,'2024-01-16',8),(21,109,4,'2024-01-17',8),(21,109,4,'2024-01-18',8),(21,109,4,'2024-01-19',8),(21,109,4,'2024-01-20',4),(21,109,4,'2024-01-21',0),(21,109,4,'2024-01-22',8),(21,109,4,'2024-01-23',8),(21,109,4,'2024-01-24',8),(21,109,4,'2024-01-25',8),(21,109,4,'2024-01-26',8),(21,109,4,'2024-01-27',4),(21,109,4,'2024-01-28',0),(21,109,4,'2024-01-29',8),(21,109,4,'2024-01-30',8),(21,109,4,'2024-01-31',8),(21,109,4,'2024-02-01',8),(21,109,4,'2024-02-02',8),(21,109,4,'2024-02-03',4),(21,109,4,'2024-02-04',0),(21,109,4,'2024-02-05',8),(21,109,4,'2024-02-06',8),(21,109,4,'2024-02-07',8),(21,109,4,'2024-02-08',8),(21,109,4,'2024-02-09',8),(21,109,4,'2024-02-10',4),(21,109,4,'2024-02-11',0),(21,109,4,'2024-02-12',8),(21,109,4,'2024-02-13',8),(21,109,4,'2024-02-14',8),(21,109,4,'2024-02-15',8),(21,109,4,'2024-02-16',8),(21,109,4,'2024-02-17',4),(21,109,4,'2024-02-18',0),(21,109,4,'2024-02-19',8),(21,109,4,'2024-02-20',8),(21,109,4,'2024-02-21',8),(21,109,4,'2024-02-22',8),(21,109,4,'2024-02-23',8),(21,109,4,'2024-02-24',4),(21,109,4,'2024-02-25',0),(21,109,4,'2024-02-26',8),(21,109,4,'2024-02-27',8),(21,109,4,'2024-02-28',8),(21,109,4,'2024-02-29',8),(22,1,5,'2024-01-01',24),(22,1,5,'2024-01-02',24),(22,1,5,'2024-01-03',24),(22,1,5,'2024-01-04',24),(22,1,5,'2024-01-05',24),(22,1,5,'2024-01-06',24),(22,1,5,'2024-01-07',24),(22,1,5,'2024-01-08',24),(22,1,5,'2024-01-09',24),(22,1,5,'2024-01-10',24),(22,1,5,'2024-01-11',24),(22,1,5,'2024-01-12',24),(22,1,5,'2024-01-13',24),(22,1,5,'2024-01-14',24),(22,1,5,'2024-01-15',24),(22,1,5,'2024-01-16',24),(22,1,5,'2024-01-17',24),(22,1,5,'2024-01-18',24),(22,1,5,'2024-01-19',24),(22,1,5,'2024-01-20',24),(22,1,5,'2024-01-21',24),(22,1,5,'2024-01-22',24),(22,1,5,'2024-01-23',24),(22,1,5,'2024-01-24',24),(22,1,5,'2024-01-25',24),(22,1,5,'2024-01-26',24),(22,1,5,'2024-01-27',24),(22,1,5,'2024-01-28',24),(22,1,5,'2024-01-29',24),(22,1,5,'2024-01-30',24),(22,1,5,'2024-01-31',24),(22,1,5,'2024-02-01',24),(22,1,5,'2024-02-02',24),(22,1,5,'2024-02-03',24),(22,1,5,'2024-02-04',24),(22,1,5,'2024-02-05',24),(22,1,5,'2024-02-06',24),(22,1,5,'2024-02-07',24),(22,1,5,'2024-02-08',24),(22,1,5,'2024-02-09',24),(22,1,5,'2024-02-10',24),(22,1,5,'2024-02-11',24),(22,1,5,'2024-02-12',24),(22,1,5,'2024-02-13',24),(22,1,5,'2024-02-14',24),(22,1,5,'2024-02-15',24),(22,1,5,'2024-02-16',24),(22,1,5,'2024-02-17',24),(22,1,5,'2024-02-18',24),(22,1,5,'2024-02-19',24),(22,1,5,'2024-02-20',24),(22,1,5,'2024-02-21',24),(22,1,5,'2024-02-22',24),(22,1,5,'2024-02-23',24),(22,1,5,'2024-02-24',24),(22,1,5,'2024-02-25',24),(22,1,5,'2024-02-26',24),(22,1,5,'2024-02-27',24),(22,1,5,'2024-02-28',24),(22,1,5,'2024-02-29',24),(22,110,5,'2024-01-01',1.5),(22,110,5,'2024-01-02',1.2),(22,110,5,'2024-01-03',1.3),(22,110,5,'2024-01-04',1.7),(22,110,5,'2024-01-05',2),(22,110,5,'2024-01-06',2.5),(22,110,5,'2024-01-07',1.4),(22,110,5,'2024-01-08',1.6),(22,110,5,'2024-01-09',1.5),(22,110,5,'2024-01-10',1.3),(22,110,5,'2024-01-11',1.7),(22,110,5,'2024-01-12',2.1),(22,110,5,'2024-01-13',2.6),(22,110,5,'2024-01-14',1.5),(22,110,5,'2024-01-15',1.2),(22,110,5,'2024-01-16',1.3),(22,110,5,'2024-01-17',1.8),(22,110,5,'2024-01-18',2),(22,110,5,'2024-01-19',2.4),(22,110,5,'2024-01-20',1.9),(22,110,5,'2024-01-21',1.6),(22,110,5,'2024-01-22',1.5),(22,110,5,'2024-01-23',1.4),(22,110,5,'2024-01-24',1.7),(22,110,5,'2024-01-25',2.2),(22,110,5,'2024-01-26',2.7),(22,110,5,'2024-01-27',1.8),(22,110,5,'2024-01-28',1.3),(22,110,5,'2024-01-29',1.5),(22,110,5,'2024-01-30',1.6),(22,110,5,'2024-01-31',1.9),(22,110,5,'2024-02-01',1.5),(22,110,5,'2024-02-02',2),(22,110,5,'2024-02-03',2.5),(22,110,5,'2024-02-04',1.4),(22,110,5,'2024-02-05',1.6),(22,110,5,'2024-02-06',1.5),(22,110,5,'2024-02-07',1.3),(22,110,5,'2024-02-08',1.7),(22,110,5,'2024-02-09',2.1),(22,110,5,'2024-02-10',2.6),(22,110,5,'2024-02-11',1.5),(22,110,5,'2024-02-12',1.2),(22,110,5,'2024-02-13',1.3),(22,110,5,'2024-02-14',1.8),(22,110,5,'2024-02-15',2),(22,110,5,'2024-02-16',2.4),(22,110,5,'2024-02-17',1.9),(22,110,5,'2024-02-18',1.6),(22,110,5,'2024-02-19',1.5),(22,110,5,'2024-02-20',1.4),(22,110,5,'2024-02-21',1.7),(22,110,5,'2024-02-22',2.2),(22,110,5,'2024-02-23',2.7),(22,110,5,'2024-02-24',1.8),(22,110,5,'2024-02-25',1.3),(22,110,5,'2024-02-26',1.5),(22,110,5,'2024-02-27',1.6),(22,110,5,'2024-02-28',1.9),(22,110,5,'2024-02-29',2.3),(22,111,5,'2024-01-01',8),(22,111,5,'2024-01-02',6),(22,111,5,'2024-01-03',7),(22,111,5,'2024-01-04',8),(22,111,5,'2024-01-05',10),(22,111,5,'2024-01-06',12),(22,111,5,'2024-01-07',7),(22,111,5,'2024-01-08',6),(22,111,5,'2024-01-09',8),(22,111,5,'2024-01-10',7),(22,111,5,'2024-01-11',8),(22,111,5,'2024-01-12',10),(22,111,5,'2024-01-13',12),(22,111,5,'2024-01-14',7),(22,111,5,'2024-01-15',6),(22,111,5,'2024-01-16',7),(22,111,5,'2024-01-17',8),(22,111,5,'2024-01-18',10),(22,111,5,'2024-01-19',11),(22,111,5,'2024-01-20',9),(22,111,5,'2024-01-21',7),(22,111,5,'2024-01-22',8),(22,111,5,'2024-01-23',7),(22,111,5,'2024-01-24',8),(22,111,5,'2024-01-25',10),(22,111,5,'2024-01-26',12),(22,111,5,'2024-01-27',8),(22,111,5,'2024-01-28',7),(22,111,5,'2024-01-29',8),(22,111,5,'2024-01-30',6),(22,111,5,'2024-01-31',8),(22,111,5,'2024-02-01',7),(22,111,5,'2024-02-02',10),(22,111,5,'2024-02-03',12),(22,111,5,'2024-02-04',7),(22,111,5,'2024-02-05',6),(22,111,5,'2024-02-06',8),(22,111,5,'2024-02-07',7),(22,111,5,'2024-02-08',8),(22,111,5,'2024-02-09',10),(22,111,5,'2024-02-10',12),(22,111,5,'2024-02-11',7),(22,111,5,'2024-02-12',6),(22,111,5,'2024-02-13',7),(22,111,5,'2024-02-14',8),(22,111,5,'2024-02-15',10),(22,111,5,'2024-02-16',11),(22,111,5,'2024-02-17',9),(22,111,5,'2024-02-18',7),(22,111,5,'2024-02-19',8),(22,111,5,'2024-02-20',7),(22,111,5,'2024-02-21',8),(22,111,5,'2024-02-22',10),(22,111,5,'2024-02-23',12),(22,111,5,'2024-02-24',8),(22,111,5,'2024-02-25',7),(22,111,5,'2024-02-26',8),(22,111,5,'2024-02-27',6),(22,111,5,'2024-02-28',8),(22,111,5,'2024-02-29',9),(22,112,5,'2024-01-01',0.5),(22,112,5,'2024-01-02',0.3),(22,112,5,'2024-01-03',0.4),(22,112,5,'2024-01-04',0.5),(22,112,5,'2024-01-05',0.6),(22,112,5,'2024-01-06',0.7),(22,112,5,'2024-01-07',0.4),(22,112,5,'2024-01-08',0.3),(22,112,5,'2024-01-09',0.5),(22,112,5,'2024-01-10',0.4),(22,112,5,'2024-01-11',0.5),(22,112,5,'2024-01-12',0.6),(22,112,5,'2024-01-13',0.8),(22,112,5,'2024-01-14',0.4),(22,112,5,'2024-01-15',0.3),(22,112,5,'2024-01-16',0.4),(22,112,5,'2024-01-17',0.5),(22,112,5,'2024-01-18',0.6),(22,112,5,'2024-01-19',0.7),(22,112,5,'2024-01-20',0.5),(22,112,5,'2024-01-21',0.4),(22,112,5,'2024-01-22',0.5),(22,112,5,'2024-01-23',0.4),(22,112,5,'2024-01-24',0.5),(22,112,5,'2024-01-25',0.6),(22,112,5,'2024-01-26',0.8),(22,112,5,'2024-01-27',0.5),(22,112,5,'2024-01-28',0.4),(22,112,5,'2024-01-29',0.5),(22,112,5,'2024-01-30',0.3),(22,112,5,'2024-01-31',0.5),(22,112,5,'2024-02-01',0.4),(22,112,5,'2024-02-02',0.6),(22,112,5,'2024-02-03',0.8),(22,112,5,'2024-02-04',0.4),(22,112,5,'2024-02-05',0.3),(22,112,5,'2024-02-06',0.5),(22,112,5,'2024-02-07',0.4),(22,112,5,'2024-02-08',0.5),(22,112,5,'2024-02-09',0.6),(22,112,5,'2024-02-10',0.8),(22,112,5,'2024-02-11',0.4),(22,112,5,'2024-02-12',0.3),(22,112,5,'2024-02-13',0.4),(22,112,5,'2024-02-14',0.5),(22,112,5,'2024-02-15',0.6),(22,112,5,'2024-02-16',0.7),(22,112,5,'2024-02-17',0.5),(22,112,5,'2024-02-18',0.4),(22,112,5,'2024-02-19',0.5),(22,112,5,'2024-02-20',0.4),(22,112,5,'2024-02-21',0.5),(22,112,5,'2024-02-22',0.6),(22,112,5,'2024-02-23',0.8),(22,112,5,'2024-02-24',0.5),(22,112,5,'2024-02-25',0.4),(22,112,5,'2024-02-26',0.5),(22,112,5,'2024-02-27',0.3),(22,112,5,'2024-02-28',0.5),(22,112,5,'2024-02-29',0.6),(22,113,5,'2024-01-01',0.2),(22,113,5,'2024-01-02',0.3),(22,113,5,'2024-01-03',0.2),(22,113,5,'2024-01-04',0.3),(22,113,5,'2024-01-05',0.2),(22,113,5,'2024-01-06',0.4),(22,113,5,'2024-01-07',0.2),(22,113,5,'2024-01-08',0.3),(22,113,5,'2024-01-09',0.2),(22,113,5,'2024-01-10',0.3),(22,113,5,'2024-01-11',0.2),(22,113,5,'2024-01-12',0.4),(22,113,5,'2024-01-13',0.5),(22,113,5,'2024-01-14',0.2),(22,113,5,'2024-01-15',0.3),(22,113,5,'2024-01-16',0.2),(22,113,5,'2024-01-17',0.3),(22,113,5,'2024-01-18',0.2),(22,113,5,'2024-01-19',0.4),(22,113,5,'2024-01-20',0.5),(22,113,5,'2024-01-21',0.2),(22,113,5,'2024-01-22',0.3),(22,113,5,'2024-01-23',0.2),(22,113,5,'2024-01-24',0.3),(22,113,5,'2024-01-25',0.2),(22,113,5,'2024-01-26',0.4),(22,113,5,'2024-01-27',0.5),(22,113,5,'2024-01-28',0.2),(22,113,5,'2024-01-29',0.3),(22,113,5,'2024-01-30',0.2),(22,113,5,'2024-01-31',0.3),(22,113,5,'2024-02-01',0.2),(22,113,5,'2024-02-02',0.4),(22,113,5,'2024-02-03',0.5),(22,113,5,'2024-02-04',0.2),(22,113,5,'2024-02-05',0.3),(22,113,5,'2024-02-06',0.2),(22,113,5,'2024-02-07',0.3),(22,113,5,'2024-02-08',0.2),(22,113,5,'2024-02-09',0.4),(22,113,5,'2024-02-10',0.5),(22,113,5,'2024-02-11',0.2),(22,113,5,'2024-02-12',0.3),(22,113,5,'2024-02-13',0.2),(22,113,5,'2024-02-14',0.3),(22,113,5,'2024-02-15',0.2),(22,113,5,'2024-02-16',0.4),(22,113,5,'2024-02-17',0.5),(22,113,5,'2024-02-18',0.2),(22,113,5,'2024-02-19',0.3),(22,113,5,'2024-02-20',0.2),(22,113,5,'2024-02-21',0.3),(22,113,5,'2024-02-22',0.2),(22,113,5,'2024-02-23',0.4),(22,113,5,'2024-02-24',0.5),(22,113,5,'2024-02-25',0.2),(22,113,5,'2024-02-26',0.3),(22,113,5,'2024-02-27',0.2),(22,113,5,'2024-02-28',0.3),(22,113,5,'2024-02-29',0.4),(22,114,5,'2024-01-01',2.5),(22,114,5,'2024-01-02',3),(22,114,5,'2024-01-03',2.5),(22,114,5,'2024-01-04',3),(22,114,5,'2024-01-05',4),(22,114,5,'2024-01-06',5),(22,114,5,'2024-01-07',2.5),(22,114,5,'2024-01-08',3),(22,114,5,'2024-01-09',2.5),(22,114,5,'2024-01-10',3),(22,114,5,'2024-01-11',2.5),(22,114,5,'2024-01-12',4),(22,114,5,'2024-01-13',5),(22,114,5,'2024-01-14',2.5),(22,114,5,'2024-01-15',3),(22,114,5,'2024-01-16',2.5),(22,114,5,'2024-01-17',3),(22,114,5,'2024-01-18',2.5),(22,114,5,'2024-01-19',4),(22,114,5,'2024-01-20',5),(22,114,5,'2024-01-21',2.5),(22,114,5,'2024-01-22',3),(22,114,5,'2024-01-23',2.5),(22,114,5,'2024-01-24',3),(22,114,5,'2024-01-25',2.5),(22,114,5,'2024-01-26',4),(22,114,5,'2024-01-27',5),(22,114,5,'2024-01-28',2.5),(22,114,5,'2024-01-29',3),(22,114,5,'2024-01-30',2.5),(22,114,5,'2024-01-31',3),(22,114,5,'2024-02-01',2.5),(22,114,5,'2024-02-02',4),(22,114,5,'2024-02-03',5),(22,114,5,'2024-02-04',2.5),(22,114,5,'2024-02-05',3),(22,114,5,'2024-02-06',2.5),(22,114,5,'2024-02-07',3),(22,114,5,'2024-02-08',2.5),(22,114,5,'2024-02-09',4),(22,114,5,'2024-02-10',5),(22,114,5,'2024-02-11',2.5),(22,114,5,'2024-02-12',3),(22,114,5,'2024-02-13',2.5),(22,114,5,'2024-02-14',3),(22,114,5,'2024-02-15',2.5),(22,114,5,'2024-02-16',4),(22,114,5,'2024-02-17',5),(22,114,5,'2024-02-18',2.5),(22,114,5,'2024-02-19',3),(22,114,5,'2024-02-20',2.5),(22,114,5,'2024-02-21',3),(22,114,5,'2024-02-22',2.5),(22,114,5,'2024-02-23',4),(22,114,5,'2024-02-24',5),(22,114,5,'2024-02-25',2.5),(22,114,5,'2024-02-26',3),(22,114,5,'2024-02-27',2.5),(22,114,5,'2024-02-28',3),(22,114,5,'2024-02-29',4),(22,115,5,'2024-01-01',3),(22,115,5,'2024-01-02',4),(22,115,5,'2024-01-03',3.5),(22,115,5,'2024-01-04',4),(22,115,5,'2024-01-05',5),(22,115,5,'2024-01-06',6),(22,115,5,'2024-01-07',3),(22,115,5,'2024-01-08',4),(22,115,5,'2024-01-09',3.5),(22,115,5,'2024-01-10',4),(22,115,5,'2024-01-11',3),(22,115,5,'2024-01-12',5),(22,115,5,'2024-01-13',6),(22,115,5,'2024-01-14',3),(22,115,5,'2024-01-15',4),(22,115,5,'2024-01-16',3.5),(22,115,5,'2024-01-17',4),(22,115,5,'2024-01-18',3),(22,115,5,'2024-01-19',5),(22,115,5,'2024-01-20',6),(22,115,5,'2024-01-21',3),(22,115,5,'2024-01-22',4),(22,115,5,'2024-01-23',3.5),(22,115,5,'2024-01-24',4),(22,115,5,'2024-01-25',3),(22,115,5,'2024-01-26',5),(22,115,5,'2024-01-27',6),(22,115,5,'2024-01-28',3),(22,115,5,'2024-01-29',4),(22,115,5,'2024-01-30',3.5),(22,115,5,'2024-01-31',4),(22,115,5,'2024-02-01',3),(22,115,5,'2024-02-02',5),(22,115,5,'2024-02-03',6),(22,115,5,'2024-02-04',3),(22,115,5,'2024-02-05',4),(22,115,5,'2024-02-06',3.5),(22,115,5,'2024-02-07',4),(22,115,5,'2024-02-08',3),(22,115,5,'2024-02-09',5),(22,115,5,'2024-02-10',6),(22,115,5,'2024-02-11',3),(22,115,5,'2024-02-12',4),(22,115,5,'2024-02-13',3.5),(22,115,5,'2024-02-14',4),(22,115,5,'2024-02-15',3),(22,115,5,'2024-02-16',5),(22,115,5,'2024-02-17',6),(22,115,5,'2024-02-18',3),(22,115,5,'2024-02-19',4),(22,115,5,'2024-02-20',3.5),(22,115,5,'2024-02-21',4),(22,115,5,'2024-02-22',3),(22,115,5,'2024-02-23',5),(22,115,5,'2024-02-24',6),(22,115,5,'2024-02-25',3),(22,115,5,'2024-02-26',4),(22,115,5,'2024-02-27',3.5),(22,115,5,'2024-02-28',4),(22,115,5,'2024-02-29',5),(22,116,5,'2024-01-01',0.5),(22,116,5,'2024-01-02',0.3),(22,116,5,'2024-01-03',0.4),(22,116,5,'2024-01-04',0.5),(22,116,5,'2024-01-05',0.6),(22,116,5,'2024-01-06',0.7),(22,116,5,'2024-01-07',0.4),(22,116,5,'2024-01-08',0.3),(22,116,5,'2024-01-09',0.5),(22,116,5,'2024-01-10',0.6),(22,116,5,'2024-01-11',0.4),(22,116,5,'2024-01-12',0.8),(22,116,5,'2024-01-13',0.9),(22,116,5,'2024-01-14',0.4),(22,116,5,'2024-01-15',0.3),(22,116,5,'2024-01-16',0.5),(22,116,5,'2024-01-17',0.6),(22,116,5,'2024-01-18',0.4),(22,116,5,'2024-01-19',0.8),(22,116,5,'2024-01-20',0.9),(22,116,5,'2024-01-21',0.4),(22,116,5,'2024-01-22',0.3),(22,116,5,'2024-01-23',0.5),(22,116,5,'2024-01-24',0.6),(22,116,5,'2024-01-25',0.4),(22,116,5,'2024-01-26',0.8),(22,116,5,'2024-01-27',0.9),(22,116,5,'2024-01-28',0.4),(22,116,5,'2024-01-29',0.3),(22,116,5,'2024-01-30',0.5),(22,116,5,'2024-01-31',0.6),(22,116,5,'2024-02-01',0.4),(22,116,5,'2024-02-02',0.8),(22,116,5,'2024-02-03',0.9),(22,116,5,'2024-02-04',0.4),(22,116,5,'2024-02-05',0.3),(22,116,5,'2024-02-06',0.5),(22,116,5,'2024-02-07',0.6),(22,116,5,'2024-02-08',0.4),(22,116,5,'2024-02-09',0.8),(22,116,5,'2024-02-10',0.9),(22,116,5,'2024-02-11',0.4),(22,116,5,'2024-02-12',0.3),(22,116,5,'2024-02-13',0.5),(22,116,5,'2024-02-14',0.6),(22,116,5,'2024-02-15',0.4),(22,116,5,'2024-02-16',0.8),(22,116,5,'2024-02-17',0.9),(22,116,5,'2024-02-18',0.4),(22,116,5,'2024-02-19',0.3),(22,116,5,'2024-02-20',0.5),(22,116,5,'2024-02-21',0.6),(22,116,5,'2024-02-22',0.4),(22,116,5,'2024-02-23',0.8),(22,116,5,'2024-02-24',0.9),(22,116,5,'2024-02-25',0.4),(22,116,5,'2024-02-26',0.3),(22,116,5,'2024-02-27',0.5),(22,116,5,'2024-02-28',0.6),(22,116,5,'2024-02-29',0.7),(22,117,5,'2024-01-01',2),(22,117,5,'2024-01-02',1.5),(22,117,5,'2024-01-03',1.8),(22,117,5,'2024-01-04',2),(22,117,5,'2024-01-05',3),(22,117,5,'2024-01-06',4),(22,117,5,'2024-01-07',2),(22,117,5,'2024-01-08',1.5),(22,117,5,'2024-01-09',1.8),(22,117,5,'2024-01-10',2),(22,117,5,'2024-01-11',1.5),(22,117,5,'2024-01-12',3),(22,117,5,'2024-01-13',4),(22,117,5,'2024-01-14',2),(22,117,5,'2024-01-15',1.5),(22,117,5,'2024-01-16',1.8),(22,117,5,'2024-01-17',2),(22,117,5,'2024-01-18',1.5),(22,117,5,'2024-01-19',3),(22,117,5,'2024-01-20',4),(22,117,5,'2024-01-21',2),(22,117,5,'2024-01-22',1.5),(22,117,5,'2024-01-23',1.8),(22,117,5,'2024-01-24',2),(22,117,5,'2024-01-25',1.5),(22,117,5,'2024-01-26',3),(22,117,5,'2024-01-27',4),(22,117,5,'2024-01-28',2),(22,117,5,'2024-01-29',1.5),(22,117,5,'2024-01-30',1.8),(22,117,5,'2024-01-31',2),(22,117,5,'2024-02-01',1.5),(22,117,5,'2024-02-02',3),(22,117,5,'2024-02-03',4),(22,117,5,'2024-02-04',2),(22,117,5,'2024-02-05',1.5),(22,117,5,'2024-02-06',1.8),(22,117,5,'2024-02-07',2),(22,117,5,'2024-02-08',1.5),(22,117,5,'2024-02-09',3),(22,117,5,'2024-02-10',4),(22,117,5,'2024-02-11',2),(22,117,5,'2024-02-12',1.5),(22,117,5,'2024-02-13',1.8),(22,117,5,'2024-02-14',2),(22,117,5,'2024-02-15',1.5),(22,117,5,'2024-02-16',3),(22,117,5,'2024-02-17',4),(22,117,5,'2024-02-18',2),(22,117,5,'2024-02-19',1.5),(22,117,5,'2024-02-20',1.8),(22,117,5,'2024-02-21',2),(22,117,5,'2024-02-22',1.5),(22,117,5,'2024-02-23',3),(22,117,5,'2024-02-24',4),(22,117,5,'2024-02-25',2),(22,117,5,'2024-02-26',1.5),(22,117,5,'2024-02-27',1.8),(22,117,5,'2024-02-28',2),(22,117,5,'2024-02-29',2.5),(22,118,5,'2024-01-01',0.5),(22,118,5,'2024-01-02',0.3),(22,118,5,'2024-01-03',0),(22,118,5,'2024-01-04',0),(22,118,5,'2024-01-05',0.4),(22,118,5,'2024-01-06',0.6),(22,118,5,'2024-01-07',0.5),(22,118,5,'2024-01-08',0.3),(22,118,5,'2024-01-09',0),(22,118,5,'2024-01-10',0),(22,118,5,'2024-01-11',0.4),(22,118,5,'2024-01-12',0.6),(22,118,5,'2024-01-13',0.5),(22,118,5,'2024-01-14',0.3),(22,118,5,'2024-01-15',0),(22,118,5,'2024-01-16',0),(22,118,5,'2024-01-17',0.4),(22,118,5,'2024-01-18',0.6),(22,118,5,'2024-01-19',0.5),(22,118,5,'2024-01-20',0.3),(22,118,5,'2024-01-21',0),(22,118,5,'2024-01-22',0),(22,118,5,'2024-01-23',0.4),(22,118,5,'2024-01-24',0.6),(22,118,5,'2024-01-25',0.5),(22,118,5,'2024-01-26',0.3),(22,118,5,'2024-01-27',0),(22,118,5,'2024-01-28',0),(22,118,5,'2024-01-29',0.4),(22,118,5,'2024-01-30',0.6),(22,118,5,'2024-01-31',0.5),(22,118,5,'2024-02-01',0.3),(22,118,5,'2024-02-02',0),(22,118,5,'2024-02-03',0),(22,118,5,'2024-02-04',0.4),(22,118,5,'2024-02-05',0.6),(22,118,5,'2024-02-06',0.5),(22,118,5,'2024-02-07',0.3),(22,118,5,'2024-02-08',0),(22,118,5,'2024-02-09',0),(22,118,5,'2024-02-10',0.4),(22,118,5,'2024-02-11',0.6),(22,118,5,'2024-02-12',0.5),(22,118,5,'2024-02-13',0.3),(22,118,5,'2024-02-14',0),(22,118,5,'2024-02-15',0),(22,118,5,'2024-02-16',0.4),(22,118,5,'2024-02-17',0.6),(22,118,5,'2024-02-18',0.5),(22,118,5,'2024-02-19',0.3),(22,118,5,'2024-02-20',0),(22,118,5,'2024-02-21',0),(22,118,5,'2024-02-22',0.4),(22,118,5,'2024-02-23',0.6),(22,118,5,'2024-02-24',0.5),(22,118,5,'2024-02-25',0.3),(22,118,5,'2024-02-26',0),(22,118,5,'2024-02-27',0),(22,118,5,'2024-02-28',0.4),(22,118,5,'2024-02-29',0.6),(22,119,5,'2024-01-01',3),(22,119,5,'2024-01-02',2),(22,119,5,'2024-01-03',4),(22,119,5,'2024-01-04',3),(22,119,5,'2024-01-05',5),(22,119,5,'2024-01-06',6),(22,119,5,'2024-01-07',3),(22,119,5,'2024-01-08',2),(22,119,5,'2024-01-09',4),(22,119,5,'2024-01-10',3),(22,119,5,'2024-01-11',5),(22,119,5,'2024-01-12',6),(22,119,5,'2024-01-13',3),(22,119,5,'2024-01-14',2),(22,119,5,'2024-01-15',4),(22,119,5,'2024-01-16',3),(22,119,5,'2024-01-17',5),(22,119,5,'2024-01-18',6),(22,119,5,'2024-01-19',3),(22,119,5,'2024-01-20',2),(22,119,5,'2024-01-21',4),(22,119,5,'2024-01-22',3),(22,119,5,'2024-01-23',5),(22,119,5,'2024-01-24',6),(22,119,5,'2024-01-25',3),(22,119,5,'2024-01-26',2),(22,119,5,'2024-01-27',4),(22,119,5,'2024-01-28',3),(22,119,5,'2024-01-29',5),(22,119,5,'2024-01-30',6),(22,119,5,'2024-01-31',3),(22,119,5,'2024-02-01',2),(22,119,5,'2024-02-02',4),(22,119,5,'2024-02-03',3),(22,119,5,'2024-02-04',5),(22,119,5,'2024-02-05',6),(22,119,5,'2024-02-06',3),(22,119,5,'2024-02-07',2),(22,119,5,'2024-02-08',4),(22,119,5,'2024-02-09',3),(22,119,5,'2024-02-10',5),(22,119,5,'2024-02-11',6),(22,119,5,'2024-02-12',3),(22,119,5,'2024-02-13',2),(22,119,5,'2024-02-14',4),(22,119,5,'2024-02-15',3),(22,119,5,'2024-02-16',5),(22,119,5,'2024-02-17',6),(22,119,5,'2024-02-18',3),(22,119,5,'2024-02-19',2),(22,119,5,'2024-02-20',4),(22,119,5,'2024-02-21',3),(22,119,5,'2024-02-22',5),(22,119,5,'2024-02-23',6),(22,119,5,'2024-02-24',3),(22,119,5,'2024-02-25',2),(22,119,5,'2024-02-26',4),(22,119,5,'2024-02-27',3),(22,119,5,'2024-02-28',5),(22,119,5,'2024-02-29',6),(22,120,5,'2024-01-01',2),(22,120,5,'2024-01-02',2.5),(22,120,5,'2024-01-03',3),(22,120,5,'2024-01-04',1.5),(22,120,5,'2024-01-05',4),(22,120,5,'2024-01-06',5),(22,120,5,'2024-01-07',2),(22,120,5,'2024-01-08',2.5),(22,120,5,'2024-01-09',3),(22,120,5,'2024-01-10',1.5),(22,120,5,'2024-01-11',4),(22,120,5,'2024-01-12',5),(22,120,5,'2024-01-13',2),(22,120,5,'2024-01-14',2.5),(22,120,5,'2024-01-15',3),(22,120,5,'2024-01-16',1.5),(22,120,5,'2024-01-17',4),(22,120,5,'2024-01-18',5),(22,120,5,'2024-01-19',2),(22,120,5,'2024-01-20',2.5),(22,120,5,'2024-01-21',3),(22,120,5,'2024-01-22',1.5),(22,120,5,'2024-01-23',4),(22,120,5,'2024-01-24',5),(22,120,5,'2024-01-25',2),(22,120,5,'2024-01-26',2.5),(22,120,5,'2024-01-27',3),(22,120,5,'2024-01-28',1.5),(22,120,5,'2024-01-29',4),(22,120,5,'2024-01-30',5),(22,120,5,'2024-01-31',2),(22,120,5,'2024-02-01',2.5),(22,120,5,'2024-02-02',3),(22,120,5,'2024-02-03',1.5),(22,120,5,'2024-02-04',4),(22,120,5,'2024-02-05',5),(22,120,5,'2024-02-06',2),(22,120,5,'2024-02-07',2.5),(22,120,5,'2024-02-08',3),(22,120,5,'2024-02-09',1.5),(22,120,5,'2024-02-10',4),(22,120,5,'2024-02-11',5),(22,120,5,'2024-02-12',2),(22,120,5,'2024-02-13',2.5),(22,120,5,'2024-02-14',3),(22,120,5,'2024-02-15',1.5),(22,120,5,'2024-02-16',4),(22,120,5,'2024-02-17',5),(22,120,5,'2024-02-18',2),(22,120,5,'2024-02-19',2.5),(22,120,5,'2024-02-20',3),(22,120,5,'2024-02-21',1.5),(22,120,5,'2024-02-22',4),(22,120,5,'2024-02-23',5),(22,120,5,'2024-02-24',2),(22,120,5,'2024-02-25',2.5),(22,120,5,'2024-02-26',3),(22,120,5,'2024-02-27',1.5),(22,120,5,'2024-02-28',4),(22,120,5,'2024-02-29',5),(22,121,5,'2024-01-01',0.5),(22,121,5,'2024-01-02',0.3),(22,121,5,'2024-01-03',0.4),(22,121,5,'2024-01-04',0.2),(22,121,5,'2024-01-05',0.5),(22,121,5,'2024-01-06',0.6),(22,121,5,'2024-01-07',0.3),(22,121,5,'2024-01-08',0.4),(22,121,5,'2024-01-09',0.2),(22,121,5,'2024-01-10',0.5),(22,121,5,'2024-01-11',0.3),(22,121,5,'2024-01-12',0.7),(22,121,5,'2024-01-13',0.6),(22,121,5,'2024-01-14',0.3),(22,121,5,'2024-01-15',0.4),(22,121,5,'2024-01-16',0.2),(22,121,5,'2024-01-17',0.5),(22,121,5,'2024-01-18',0.3),(22,121,5,'2024-01-19',0.6),(22,121,5,'2024-01-20',0.4),(22,121,5,'2024-01-21',0.2),(22,121,5,'2024-01-22',0.5),(22,121,5,'2024-01-23',0.3),(22,121,5,'2024-01-24',0.4),(22,121,5,'2024-01-25',0.6),(22,121,5,'2024-01-26',0.2),(22,121,5,'2024-01-27',0.5),(22,121,5,'2024-01-28',0.3),(22,121,5,'2024-01-29',0.4),(22,121,5,'2024-01-30',0.6),(22,121,5,'2024-01-31',0.2),(22,121,5,'2024-02-01',0.5),(22,121,5,'2024-02-02',0.3),(22,121,5,'2024-02-03',0.7),(22,121,5,'2024-02-04',0.6),(22,121,5,'2024-02-05',0.3),(22,121,5,'2024-02-06',0.4),(22,121,5,'2024-02-07',0.2),(22,121,5,'2024-02-08',0.5),(22,121,5,'2024-02-09',0.3),(22,121,5,'2024-02-10',0.6),(22,121,5,'2024-02-11',0.4),(22,121,5,'2024-02-12',0.2),(22,121,5,'2024-02-13',0.5),(22,121,5,'2024-02-14',0.3),(22,121,5,'2024-02-15',0.4),(22,121,5,'2024-02-16',0.6),(22,121,5,'2024-02-17',0.2),(22,121,5,'2024-02-18',0.5),(22,121,5,'2024-02-19',0.3),(22,121,5,'2024-02-20',0.4),(22,121,5,'2024-02-21',0.6),(22,121,5,'2024-02-22',0.2),(22,121,5,'2024-02-23',0.5),(22,121,5,'2024-02-24',0.3),(22,121,5,'2024-02-25',0.7),(22,121,5,'2024-02-26',0.6),(22,121,5,'2024-02-27',0.3),(22,121,5,'2024-02-28',0.4),(22,121,5,'2024-02-29',0.5),(22,122,5,'2024-01-01',1.2),(22,122,5,'2024-01-02',1),(22,122,5,'2024-01-03',1.1),(22,122,5,'2024-01-04',0.9),(22,122,5,'2024-01-05',1.4),(22,122,5,'2024-01-06',1.6),(22,122,5,'2024-01-07',1),(22,122,5,'2024-01-08',1.1),(22,122,5,'2024-01-09',0.8),(22,122,5,'2024-01-10',1.2),(22,122,5,'2024-01-11',1),(22,122,5,'2024-01-12',1.7),(22,122,5,'2024-01-13',1.5),(22,122,5,'2024-01-14',1),(22,122,5,'2024-01-15',1.1),(22,122,5,'2024-01-16',0.9),(22,122,5,'2024-01-17',1.3),(22,122,5,'2024-01-18',1),(22,122,5,'2024-01-19',1.6),(22,122,5,'2024-01-20',1.2),(22,122,5,'2024-01-21',0.9),(22,122,5,'2024-01-22',1.3),(22,122,5,'2024-01-23',1),(22,122,5,'2024-01-24',1.1),(22,122,5,'2024-01-25',1.5),(22,122,5,'2024-01-26',0.8),(22,122,5,'2024-01-27',1.4),(22,122,5,'2024-01-28',1),(22,122,5,'2024-01-29',1.1),(22,122,5,'2024-01-30',1.6),(22,122,5,'2024-01-31',0.9),(22,122,5,'2024-02-01',1.3),(22,122,5,'2024-02-02',1),(22,122,5,'2024-02-03',1.8),(22,122,5,'2024-02-04',1.5),(22,122,5,'2024-02-05',1),(22,122,5,'2024-02-06',1.1),(22,122,5,'2024-02-07',0.9),(22,122,5,'2024-02-08',1.4),(22,122,5,'2024-02-09',1),(22,122,5,'2024-02-10',1.7),(22,122,5,'2024-02-11',1.2),(22,122,5,'2024-02-12',0.9),(22,122,5,'2024-02-13',1.3),(22,122,5,'2024-02-14',1),(22,122,5,'2024-02-15',1.1),(22,122,5,'2024-02-16',1.6),(22,122,5,'2024-02-17',0.8),(22,122,5,'2024-02-18',1.4),(22,122,5,'2024-02-19',1),(22,122,5,'2024-02-20',1.1),(22,122,5,'2024-02-21',1.5),(22,122,5,'2024-02-22',0.8),(22,122,5,'2024-02-23',1.3),(22,122,5,'2024-02-24',1),(22,122,5,'2024-02-25',1.9),(22,122,5,'2024-02-26',1.5),(22,122,5,'2024-02-27',1),(22,122,5,'2024-02-28',1.1),(22,122,5,'2024-02-29',1.4),(22,123,5,'2024-01-01',5),(22,123,5,'2024-01-02',4.5),(22,123,5,'2024-01-03',4.8),(22,123,5,'2024-01-04',3.5),(22,123,5,'2024-01-05',5.2),(22,123,5,'2024-01-06',6),(22,123,5,'2024-01-07',4),(22,123,5,'2024-01-08',4.2),(22,123,5,'2024-01-09',3.8),(22,123,5,'2024-01-10',5.1),(22,123,5,'2024-01-11',4.6),(22,123,5,'2024-01-12',6.5),(22,123,5,'2024-01-13',6.3),(22,123,5,'2024-01-14',4.1),(22,123,5,'2024-01-15',4.3),(22,123,5,'2024-01-16',3.6),(22,123,5,'2024-01-17',5),(22,123,5,'2024-01-18',4.4),(22,123,5,'2024-01-19',6.1),(22,123,5,'2024-01-20',5.3),(22,123,5,'2024-01-21',3.9),(22,123,5,'2024-01-22',4.7),(22,123,5,'2024-01-23',4),(22,123,5,'2024-01-24',4.3),(22,123,5,'2024-01-25',5.5),(22,123,5,'2024-01-26',3.7),(22,123,5,'2024-01-27',5.6),(22,123,5,'2024-01-28',4.2),(22,123,5,'2024-01-29',4.4),(22,123,5,'2024-01-30',6.2),(22,123,5,'2024-01-31',3.8),(22,123,5,'2024-02-01',5.1),(22,123,5,'2024-02-02',4.5),(22,123,5,'2024-02-03',7),(22,123,5,'2024-02-04',6.4),(22,123,5,'2024-02-05',4.3),(22,123,5,'2024-02-06',4.5),(22,123,5,'2024-02-07',3.6),(22,123,5,'2024-02-08',5.2),(22,123,5,'2024-02-09',4.7),(22,123,5,'2024-02-10',6.6),(22,123,5,'2024-02-11',5.4),(22,123,5,'2024-02-12',3.9),(22,123,5,'2024-02-13',4.8),(22,123,5,'2024-02-14',4.1),(22,123,5,'2024-02-15',4.4),(22,123,5,'2024-02-16',6.3),(22,123,5,'2024-02-17',3.7),(22,123,5,'2024-02-18',5.7),(22,123,5,'2024-02-19',4.3),(22,123,5,'2024-02-20',4.5),(22,123,5,'2024-02-21',5.6),(22,123,5,'2024-02-22',3.8),(22,123,5,'2024-02-23',4.9),(22,123,5,'2024-02-24',4.2),(22,123,5,'2024-02-25',7.1),(22,123,5,'2024-02-26',6.5),(22,123,5,'2024-02-27',4.4),(22,123,5,'2024-02-28',4.6),(22,123,5,'2024-02-29',5.8),(22,124,5,'2024-01-01',0.5),(22,124,5,'2024-01-02',0.6),(22,124,5,'2024-01-03',0.4),(22,124,5,'2024-01-04',0.5),(22,124,5,'2024-01-05',0.7),(22,124,5,'2024-01-06',0.8),(22,124,5,'2024-01-07',0.6),(22,124,5,'2024-01-08',0.5),(22,124,5,'2024-01-09',0.4),(22,124,5,'2024-01-10',0.5),(22,124,5,'2024-01-11',0.6),(22,124,5,'2024-01-12',0.9),(22,124,5,'2024-01-13',1),(22,124,5,'2024-01-14',0.6),(22,124,5,'2024-01-15',0.5),(22,124,5,'2024-01-16',0.4),(22,124,5,'2024-01-17',0.5),(22,124,5,'2024-01-18',0.6),(22,124,5,'2024-01-19',0.8),(22,124,5,'2024-01-20',0.7),(22,124,5,'2024-01-21',0.5),(22,124,5,'2024-01-22',0.6),(22,124,5,'2024-01-23',0.4),(22,124,5,'2024-01-24',0.5),(22,124,5,'2024-01-25',0.7),(22,124,5,'2024-01-26',0.6),(22,124,5,'2024-01-27',0.9),(22,124,5,'2024-01-28',0.5),(22,124,5,'2024-01-29',0.6),(22,124,5,'2024-01-30',0.8),(22,124,5,'2024-01-31',0.5),(22,124,5,'2024-02-01',0.5),(22,124,5,'2024-02-02',0.6),(22,124,5,'2024-02-03',1.1),(22,124,5,'2024-02-04',1),(22,124,5,'2024-02-05',0.5),(22,124,5,'2024-02-06',0.6),(22,124,5,'2024-02-07',0.4),(22,124,5,'2024-02-08',0.5),(22,124,5,'2024-02-09',0.6),(22,124,5,'2024-02-10',1.1),(22,124,5,'2024-02-11',1),(22,124,5,'2024-02-12',0.5),(22,124,5,'2024-02-13',0.6),(22,124,5,'2024-02-14',0.5),(22,124,5,'2024-02-15',0.5),(22,124,5,'2024-02-16',0.8),(22,124,5,'2024-02-17',0.9),(22,124,5,'2024-02-18',1),(22,124,5,'2024-02-19',0.8),(22,124,5,'2024-02-20',0.5),(22,124,5,'2024-02-21',0.6),(22,124,5,'2024-02-22',0.5),(22,124,5,'2024-02-23',0.8),(22,124,5,'2024-02-24',0.9),(22,124,5,'2024-02-25',1),(22,124,5,'2024-02-26',0.5),(22,124,5,'2024-02-27',0.5),(22,124,5,'2024-02-28',0.6),(22,124,5,'2024-02-29',0.5),(23,2,6,'2024-01-01',24),(23,2,6,'2024-01-02',24),(23,2,6,'2024-01-03',24),(23,2,6,'2024-01-04',24),(23,2,6,'2024-01-05',24),(23,2,6,'2024-01-06',24),(23,2,6,'2024-01-07',24),(23,2,6,'2024-01-08',24),(23,2,6,'2024-01-09',24),(23,2,6,'2024-01-10',24),(23,2,6,'2024-01-11',24),(23,2,6,'2024-01-12',24),(23,2,6,'2024-01-13',24),(23,2,6,'2024-01-14',24),(23,2,6,'2024-01-15',24),(23,2,6,'2024-01-16',24),(23,2,6,'2024-01-17',24),(23,2,6,'2024-01-18',24),(23,2,6,'2024-01-19',24),(23,2,6,'2024-01-20',24),(23,2,6,'2024-01-21',24),(23,2,6,'2024-01-22',24),(23,2,6,'2024-01-23',24),(23,2,6,'2024-01-24',24),(23,2,6,'2024-01-25',24),(23,2,6,'2024-01-26',24),(23,2,6,'2024-01-27',24),(23,2,6,'2024-01-28',24),(23,2,6,'2024-01-29',24),(23,2,6,'2024-01-30',24),(23,2,6,'2024-01-31',24),(23,2,6,'2024-02-01',24),(23,2,6,'2024-02-02',24),(23,2,6,'2024-02-03',24),(23,2,6,'2024-02-04',24),(23,2,6,'2024-02-05',24),(23,2,6,'2024-02-06',24),(23,2,6,'2024-02-07',24),(23,2,6,'2024-02-08',24),(23,2,6,'2024-02-09',24),(23,2,6,'2024-02-10',24),(23,2,6,'2024-02-11',24),(23,2,6,'2024-02-12',24),(23,2,6,'2024-02-13',24),(23,2,6,'2024-02-14',24),(23,2,6,'2024-02-15',24),(23,2,6,'2024-02-16',24),(23,2,6,'2024-02-17',24),(23,2,6,'2024-02-18',24),(23,2,6,'2024-02-19',24),(23,2,6,'2024-02-20',24),(23,2,6,'2024-02-21',24),(23,2,6,'2024-02-22',24),(23,2,6,'2024-02-23',24),(23,2,6,'2024-02-24',24),(23,2,6,'2024-02-25',24),(23,2,6,'2024-02-26',24),(23,2,6,'2024-02-27',24),(23,2,6,'2024-02-28',24),(23,2,6,'2024-02-29',24),(23,3,6,'2024-01-01',24),(23,3,6,'2024-01-02',24),(23,3,6,'2024-01-03',24),(23,3,6,'2024-01-04',24),(23,3,6,'2024-01-05',24),(23,3,6,'2024-01-06',24),(23,3,6,'2024-01-07',24),(23,3,6,'2024-01-08',24),(23,3,6,'2024-01-09',24),(23,3,6,'2024-01-10',24),(23,3,6,'2024-01-11',24),(23,3,6,'2024-01-12',24),(23,3,6,'2024-01-13',24),(23,3,6,'2024-01-14',24),(23,3,6,'2024-01-15',24),(23,3,6,'2024-01-16',24),(23,3,6,'2024-01-17',24),(23,3,6,'2024-01-18',24),(23,3,6,'2024-01-19',24),(23,3,6,'2024-01-20',24),(23,3,6,'2024-01-21',24),(23,3,6,'2024-01-22',24),(23,3,6,'2024-01-23',24),(23,3,6,'2024-01-24',24),(23,3,6,'2024-01-25',24),(23,3,6,'2024-01-26',24),(23,3,6,'2024-01-27',24),(23,3,6,'2024-01-28',24),(23,3,6,'2024-01-29',24),(23,3,6,'2024-01-30',24),(23,3,6,'2024-01-31',24),(23,3,6,'2024-02-01',24),(23,3,6,'2024-02-02',24),(23,3,6,'2024-02-03',24),(23,3,6,'2024-02-04',24),(23,3,6,'2024-02-05',24),(23,3,6,'2024-02-06',24),(23,3,6,'2024-02-07',24),(23,3,6,'2024-02-08',24),(23,3,6,'2024-02-09',24),(23,3,6,'2024-02-10',24),(23,3,6,'2024-02-11',24),(23,3,6,'2024-02-12',24),(23,3,6,'2024-02-13',24),(23,3,6,'2024-02-14',24),(23,3,6,'2024-02-15',24),(23,3,6,'2024-02-16',24),(23,3,6,'2024-02-17',24),(23,3,6,'2024-02-18',24),(23,3,6,'2024-02-19',24),(23,3,6,'2024-02-20',24),(23,3,6,'2024-02-21',24),(23,3,6,'2024-02-22',24),(23,3,6,'2024-02-23',24),(23,3,6,'2024-02-24',24),(23,3,6,'2024-02-25',24),(23,3,6,'2024-02-26',24),(23,3,6,'2024-02-27',24),(23,3,6,'2024-02-28',24),(23,3,6,'2024-02-29',24),(23,6,6,'2024-01-01',0.5),(23,6,6,'2024-01-02',0.3),(23,6,6,'2024-01-03',0.4),(23,6,6,'2024-01-04',0.6),(23,6,6,'2024-01-05',0.7),(23,6,6,'2024-01-06',1.2),(23,6,6,'2024-01-07',0.4),(23,6,6,'2024-01-08',0.5),(23,6,6,'2024-01-09',0.3),(23,6,6,'2024-01-10',0.4),(23,6,6,'2024-01-11',0.6),(23,6,6,'2024-01-12',0.8),(23,6,6,'2024-01-13',1.3),(23,6,6,'2024-01-14',0.5),(23,6,6,'2024-01-15',0.4),(23,6,6,'2024-01-16',0.6),(23,6,6,'2024-01-17',0.4),(23,6,6,'2024-01-18',0.5),(23,6,6,'2024-01-19',0.7),(23,6,6,'2024-01-20',1.1),(23,6,6,'2024-01-21',0.4),(23,6,6,'2024-01-22',0.5),(23,6,6,'2024-01-23',0.3),(23,6,6,'2024-01-24',0.4),(23,6,6,'2024-01-25',0.6),(23,6,6,'2024-01-26',0.9),(23,6,6,'2024-01-27',1.4),(23,6,6,'2024-01-28',0.5),(23,6,6,'2024-01-29',0.4),(23,6,6,'2024-01-30',0.6),(23,6,6,'2024-01-31',0.4),(23,6,6,'2024-02-01',0.5),(23,6,6,'2024-02-02',0.7),(23,6,6,'2024-02-03',1),(23,6,6,'2024-02-04',0.4),(23,6,6,'2024-02-05',0.5),(23,6,6,'2024-02-06',0.3),(23,6,6,'2024-02-07',0.4),(23,6,6,'2024-02-08',0.6),(23,6,6,'2024-02-09',0.8),(23,6,6,'2024-02-10',1.2),(23,6,6,'2024-02-11',0.4),(23,6,6,'2024-02-12',0.5),(23,6,6,'2024-02-13',0.3),(23,6,6,'2024-02-14',0.4),(23,6,6,'2024-02-15',0.6),(23,6,6,'2024-02-16',0.7),(23,6,6,'2024-02-17',1.3),(23,6,6,'2024-02-18',0.5),(23,6,6,'2024-02-19',0.4),(23,6,6,'2024-02-20',0.6),(23,6,6,'2024-02-21',0.4),(23,6,6,'2024-02-22',0.5),(23,6,6,'2024-02-23',0.7),(23,6,6,'2024-02-24',1.1),(23,6,6,'2024-02-25',0.4),(23,6,6,'2024-02-26',0.5),(23,6,6,'2024-02-27',0.3),(23,6,6,'2024-02-28',0.4),(23,6,6,'2024-02-29',0.6),(23,8,6,'2024-01-01',1.5),(23,8,6,'2024-01-02',1.2),(23,8,6,'2024-01-03',1.3),(23,8,6,'2024-01-04',1.7),(23,8,6,'2024-01-05',2),(23,8,6,'2024-01-06',2.5),(23,8,6,'2024-01-07',1.4),(23,8,6,'2024-01-08',1.6),(23,8,6,'2024-01-09',1.1),(23,8,6,'2024-01-10',1.3),(23,8,6,'2024-01-11',1.8),(23,8,6,'2024-01-12',2.1),(23,8,6,'2024-01-13',2.6),(23,8,6,'2024-01-14',1.5),(23,8,6,'2024-01-15',1.3),(23,8,6,'2024-01-16',1.7),(23,8,6,'2024-01-17',1.2),(23,8,6,'2024-01-18',1.6),(23,8,6,'2024-01-19',2),(23,8,6,'2024-01-20',2.4),(23,8,6,'2024-01-21',1.3),(23,8,6,'2024-01-22',1.5),(23,8,6,'2024-01-23',1.1),(23,8,6,'2024-01-24',1.3),(23,8,6,'2024-01-25',1.7),(23,8,6,'2024-01-26',2.2),(23,8,6,'2024-01-27',2.7),(23,8,6,'2024-01-28',1.6),(23,8,6,'2024-01-29',1.4),(23,8,6,'2024-01-30',1.7),(23,8,6,'2024-01-31',1.3),(23,8,6,'2024-02-01',1.5),(23,8,6,'2024-02-02',2),(23,8,6,'2024-02-03',2.3),(23,8,6,'2024-02-04',1.2),(23,8,6,'2024-02-05',1.5),(23,8,6,'2024-02-06',1),(23,8,6,'2024-02-07',1.3),(23,8,6,'2024-02-08',1.8),(23,8,6,'2024-02-09',2.1),(23,8,6,'2024-02-10',2.5),(23,8,6,'2024-02-11',1.4),(23,8,6,'2024-02-12',1.6),(23,8,6,'2024-02-13',1.1),(23,8,6,'2024-02-14',1.3),(23,8,6,'2024-02-15',1.7),(23,8,6,'2024-02-16',2),(23,8,6,'2024-02-17',2.6),(23,8,6,'2024-02-18',1.5),(23,8,6,'2024-02-19',1.3),(23,8,6,'2024-02-20',1.7),(23,8,6,'2024-02-21',1.3),(23,8,6,'2024-02-22',1.7),(23,8,6,'2024-02-23',2),(23,8,6,'2024-02-24',2.6),(23,8,6,'2024-02-25',1.5),(23,8,6,'2024-02-26',1.4),(23,8,6,'2024-02-27',1.6),(23,8,6,'2024-02-28',1.3),(23,8,6,'2024-02-29',1.5),(23,12,6,'2024-01-01',0.5),(23,12,6,'2024-01-02',0.3),(23,12,6,'2024-01-03',0.4),(23,12,6,'2024-01-04',0.6),(23,12,6,'2024-01-05',0.7),(23,12,6,'2024-01-06',0.8),(23,12,6,'2024-01-07',0.4),(23,12,6,'2024-01-08',0.5),(23,12,6,'2024-01-09',0.3),(23,12,6,'2024-01-10',0.4),(23,12,6,'2024-01-11',0.6),(23,12,6,'2024-01-12',0.9),(23,12,6,'2024-01-13',1),(23,12,6,'2024-01-14',0.5),(23,12,6,'2024-01-15',0.3),(23,12,6,'2024-01-16',0.6),(23,12,6,'2024-01-17',0.3),(23,12,6,'2024-01-18',0.5),(23,12,6,'2024-01-19',0.7),(23,12,6,'2024-01-20',0.8),(23,12,6,'2024-01-21',0.4),(23,12,6,'2024-01-22',0.5),(23,12,6,'2024-01-23',0.3),(23,12,6,'2024-01-24',0.4),(23,12,6,'2024-01-25',0.6),(23,12,6,'2024-01-26',0.9),(23,12,6,'2024-01-27',1),(23,12,6,'2024-01-28',0.5),(23,12,6,'2024-01-29',0.3),(23,12,6,'2024-01-30',0.6),(23,12,6,'2024-01-31',0.3),(23,12,6,'2024-02-01',0.5),(23,12,6,'2024-02-02',0.7),(23,12,6,'2024-02-03',0.8),(23,12,6,'2024-02-04',0.3),(23,12,6,'2024-02-05',0.5),(23,12,6,'2024-02-06',0.2),(23,12,6,'2024-02-07',0.4),(23,12,6,'2024-02-08',0.6),(23,12,6,'2024-02-09',0.9),(23,12,6,'2024-02-10',1),(23,12,6,'2024-02-11',0.5),(23,12,6,'2024-02-12',0.6),(23,12,6,'2024-02-13',0.3),(23,12,6,'2024-02-14',0.4),(23,12,6,'2024-02-15',0.6),(23,12,6,'2024-02-16',0.7),(23,12,6,'2024-02-17',0.8),(23,12,6,'2024-02-18',0.5),(23,12,6,'2024-02-19',0.3),(23,12,6,'2024-02-20',0.6),(23,12,6,'2024-02-21',0.3),(23,12,6,'2024-02-22',0.5),(23,12,6,'2024-02-23',0.7),(23,12,6,'2024-02-24',0.8),(23,12,6,'2024-02-25',0.4),(23,12,6,'2024-02-26',0.5),(23,12,6,'2024-02-27',0.2),(23,12,6,'2024-02-28',0.4),(23,12,6,'2024-02-29',0.6),(23,14,6,'2024-01-01',0.5),(23,14,6,'2024-01-02',0.3),(23,14,6,'2024-01-03',0.4),(23,14,6,'2024-01-04',0.6),(23,14,6,'2024-01-05',0.7),(23,14,6,'2024-01-06',0.8),(23,14,6,'2024-01-07',0.2),(23,14,6,'2024-01-08',0.5),(23,14,6,'2024-01-09',0.3),(23,14,6,'2024-01-10',0.4),(23,14,6,'2024-01-11',0.6),(23,14,6,'2024-01-12',0.7),(23,14,6,'2024-01-13',0.8),(23,14,6,'2024-01-14',0.2),(23,14,6,'2024-01-15',0.5),(23,14,6,'2024-01-16',0.3),(23,14,6,'2024-01-17',0.4),(23,14,6,'2024-01-18',0.6),(23,14,6,'2024-01-19',0.7),(23,14,6,'2024-01-20',0.8),(23,14,6,'2024-01-21',0.2),(23,14,6,'2024-01-22',0.5),(23,14,6,'2024-01-23',0.3),(23,14,6,'2024-01-24',0.4),(23,14,6,'2024-01-25',0.6),(23,14,6,'2024-01-26',0.7),(23,14,6,'2024-01-27',0.8),(23,14,6,'2024-01-28',0.2),(23,14,6,'2024-01-29',0.5),(23,14,6,'2024-01-30',0.3),(23,14,6,'2024-01-31',0.4),(23,14,6,'2024-02-01',0.6),(23,14,6,'2024-02-02',0.7),(23,14,6,'2024-02-03',0.8),(23,14,6,'2024-02-04',0.2),(23,14,6,'2024-02-05',0.5),(23,14,6,'2024-02-06',0.3),(23,14,6,'2024-02-07',0.4),(23,14,6,'2024-02-08',0.6),(23,14,6,'2024-02-09',0.7),(23,14,6,'2024-02-10',0.8),(23,14,6,'2024-02-11',0.2),(23,14,6,'2024-02-12',0.5),(23,14,6,'2024-02-13',0.3),(23,14,6,'2024-02-14',0.4),(23,14,6,'2024-02-15',0.6),(23,14,6,'2024-02-16',0.7),(23,14,6,'2024-02-17',0.8),(23,14,6,'2024-02-18',0.2),(23,14,6,'2024-02-19',0.5),(23,14,6,'2024-02-20',0.3),(23,14,6,'2024-02-21',0.4),(23,14,6,'2024-02-22',0.6),(23,14,6,'2024-02-23',0.7),(23,14,6,'2024-02-24',0.8),(23,14,6,'2024-02-25',0.2),(23,14,6,'2024-02-26',0.5),(23,14,6,'2024-02-27',0.3),(23,14,6,'2024-02-28',0.4),(23,14,6,'2024-02-29',0.6),(23,17,6,'2024-01-01',0.7),(23,17,6,'2024-01-02',0.6),(23,17,6,'2024-01-03',0.8),(23,17,6,'2024-01-04',0.5),(23,17,6,'2024-01-05',0.9),(23,17,6,'2024-01-06',1),(23,17,6,'2024-01-07',0.4),(23,17,6,'2024-01-08',0.7),(23,17,6,'2024-01-09',0.6),(23,17,6,'2024-01-10',0.8),(23,17,6,'2024-01-11',0.5),(23,17,6,'2024-01-12',0.9),(23,17,6,'2024-01-13',1),(23,17,6,'2024-01-14',0.4),(23,17,6,'2024-01-15',0.7),(23,17,6,'2024-01-16',0.6),(23,17,6,'2024-01-17',0.8),(23,17,6,'2024-01-18',0.5),(23,17,6,'2024-01-19',0.9),(23,17,6,'2024-01-20',1),(23,17,6,'2024-01-21',0.4),(23,17,6,'2024-01-22',0.7),(23,17,6,'2024-01-23',0.6),(23,17,6,'2024-01-24',0.8),(23,17,6,'2024-01-25',0.5),(23,17,6,'2024-01-26',0.9),(23,17,6,'2024-01-27',1),(23,17,6,'2024-01-28',0.4),(23,17,6,'2024-01-29',0.7),(23,17,6,'2024-01-30',0.6),(23,17,6,'2024-01-31',0.8),(23,17,6,'2024-02-01',0.5),(23,17,6,'2024-02-02',0.9),(23,17,6,'2024-02-03',1),(23,17,6,'2024-02-04',0.4),(23,17,6,'2024-02-05',0.7),(23,17,6,'2024-02-06',0.6),(23,17,6,'2024-02-07',0.8),(23,17,6,'2024-02-08',0.5),(23,17,6,'2024-02-09',0.9),(23,17,6,'2024-02-10',1),(23,17,6,'2024-02-11',0.4),(23,17,6,'2024-02-12',0.7),(23,17,6,'2024-02-13',0.6),(23,17,6,'2024-02-14',0.8),(23,17,6,'2024-02-15',0.5),(23,17,6,'2024-02-16',0.9),(23,17,6,'2024-02-17',1),(23,17,6,'2024-02-18',0.4),(23,17,6,'2024-02-19',0.7),(23,17,6,'2024-02-20',0.6),(23,17,6,'2024-02-21',0.8),(23,17,6,'2024-02-22',0.5),(23,17,6,'2024-02-23',0.9),(23,17,6,'2024-02-24',1),(23,17,6,'2024-02-25',0.4),(23,17,6,'2024-02-26',0.7),(23,17,6,'2024-02-27',0.6),(23,17,6,'2024-02-28',0.8),(23,17,6,'2024-02-29',0.5),(23,19,6,'2024-01-01',0.5),(23,19,6,'2024-01-02',0.3),(23,19,6,'2024-01-03',0.4),(23,19,6,'2024-01-04',0.6),(23,19,6,'2024-01-05',0.7),(23,19,6,'2024-01-06',1),(23,19,6,'2024-01-07',0.5),(23,19,6,'2024-01-08',0.3),(23,19,6,'2024-01-09',0.4),(23,19,6,'2024-01-10',0.6),(23,19,6,'2024-01-11',0.7),(23,19,6,'2024-01-12',1),(23,19,6,'2024-01-13',0.8),(23,19,6,'2024-01-14',0.5),(23,19,6,'2024-01-15',0.3),(23,19,6,'2024-01-16',0.4),(23,19,6,'2024-01-17',0.6),(23,19,6,'2024-01-18',0.7),(23,19,6,'2024-01-19',1),(23,19,6,'2024-01-20',0.8),(23,19,6,'2024-01-21',0.5),(23,19,6,'2024-01-22',0.3),(23,19,6,'2024-01-23',0.4),(23,19,6,'2024-01-24',0.6),(23,19,6,'2024-01-25',0.7),(23,19,6,'2024-01-26',1),(23,19,6,'2024-01-27',0.8),(23,19,6,'2024-01-28',0.5),(23,19,6,'2024-01-29',0.3),(23,19,6,'2024-01-30',0.4),(23,19,6,'2024-01-31',0.6),(23,19,6,'2024-02-01',0.7),(23,19,6,'2024-02-02',1),(23,19,6,'2024-02-03',0.8),(23,19,6,'2024-02-04',0.5),(23,19,6,'2024-02-05',0.3),(23,19,6,'2024-02-06',0.4),(23,19,6,'2024-02-07',0.6),(23,19,6,'2024-02-08',0.7),(23,19,6,'2024-02-09',1),(23,19,6,'2024-02-10',0.8),(23,19,6,'2024-02-11',0.5),(23,19,6,'2024-02-12',0.3),(23,19,6,'2024-02-13',0.4),(23,19,6,'2024-02-14',0.6),(23,19,6,'2024-02-15',0.7),(23,19,6,'2024-02-16',1),(23,19,6,'2024-02-17',0.8),(23,19,6,'2024-02-18',0.5),(23,19,6,'2024-02-19',0.3),(23,19,6,'2024-02-20',0.4),(23,19,6,'2024-02-21',0.6),(23,19,6,'2024-02-22',0.7),(23,19,6,'2024-02-23',1),(23,19,6,'2024-02-24',0.8),(23,19,6,'2024-02-25',0.5),(23,19,6,'2024-02-26',0.3),(23,19,6,'2024-02-27',0.4),(23,19,6,'2024-02-28',0.6),(23,19,6,'2024-02-29',0.7),(23,29,6,'2024-01-01',8),(23,29,6,'2024-01-02',8),(23,29,6,'2024-01-03',8),(23,29,6,'2024-01-04',8),(23,29,6,'2024-01-05',8),(23,29,6,'2024-01-06',10),(23,29,6,'2024-01-07',10),(23,29,6,'2024-01-08',8),(23,29,6,'2024-01-09',8),(23,29,6,'2024-01-10',8),(23,29,6,'2024-01-11',8),(23,29,6,'2024-01-12',8),(23,29,6,'2024-01-13',10),(23,29,6,'2024-01-14',10),(23,29,6,'2024-01-15',8),(23,29,6,'2024-01-16',8),(23,29,6,'2024-01-17',8),(23,29,6,'2024-01-18',8),(23,29,6,'2024-01-19',8),(23,29,6,'2024-01-20',10),(23,29,6,'2024-01-21',10),(23,29,6,'2024-01-22',8),(23,29,6,'2024-01-23',8),(23,29,6,'2024-01-24',8),(23,29,6,'2024-01-25',8),(23,29,6,'2024-01-26',8),(23,29,6,'2024-01-27',10),(23,29,6,'2024-01-28',10),(23,29,6,'2024-01-29',8),(23,29,6,'2024-01-30',8),(23,29,6,'2024-01-31',8),(23,29,6,'2024-02-01',8),(23,29,6,'2024-02-02',8),(23,29,6,'2024-02-03',10),(23,29,6,'2024-02-04',10),(23,29,6,'2024-02-05',8),(23,29,6,'2024-02-06',8),(23,29,6,'2024-02-07',8),(23,29,6,'2024-02-08',8),(23,29,6,'2024-02-09',8),(23,29,6,'2024-02-10',10),(23,29,6,'2024-02-11',10),(23,29,6,'2024-02-12',8),(23,29,6,'2024-02-13',8),(23,29,6,'2024-02-14',8),(23,29,6,'2024-02-15',8),(23,29,6,'2024-02-16',8),(23,29,6,'2024-02-17',10),(23,29,6,'2024-02-18',10),(23,29,6,'2024-02-19',8),(23,29,6,'2024-02-20',8),(23,29,6,'2024-02-21',8),(23,29,6,'2024-02-22',8),(23,29,6,'2024-02-23',8),(23,29,6,'2024-02-24',10),(23,29,6,'2024-02-25',10),(23,29,6,'2024-02-26',8),(23,29,6,'2024-02-27',8),(23,29,6,'2024-02-28',8),(23,29,6,'2024-02-29',8),(23,32,6,'2024-01-01',5),(23,32,6,'2024-01-02',5),(23,32,6,'2024-01-03',5),(23,32,6,'2024-01-04',5),(23,32,6,'2024-01-05',5),(23,32,6,'2024-01-06',7),(23,32,6,'2024-01-07',7),(23,32,6,'2024-01-08',5),(23,32,6,'2024-01-09',5),(23,32,6,'2024-01-10',5),(23,32,6,'2024-01-11',5),(23,32,6,'2024-01-12',5),(23,32,6,'2024-01-13',7),(23,32,6,'2024-01-14',7),(23,32,6,'2024-01-15',5),(23,32,6,'2024-01-16',5),(23,32,6,'2024-01-17',5),(23,32,6,'2024-01-18',5),(23,32,6,'2024-01-19',5),(23,32,6,'2024-01-20',7),(23,32,6,'2024-01-21',7),(23,32,6,'2024-01-22',5),(23,32,6,'2024-01-23',5),(23,32,6,'2024-01-24',5),(23,32,6,'2024-01-25',5),(23,32,6,'2024-01-26',5),(23,32,6,'2024-01-27',7),(23,32,6,'2024-01-28',7),(23,32,6,'2024-01-29',5),(23,32,6,'2024-01-30',5),(23,32,6,'2024-01-31',5),(23,32,6,'2024-02-01',5),(23,32,6,'2024-02-02',5),(23,32,6,'2024-02-03',7),(23,32,6,'2024-02-04',7),(23,32,6,'2024-02-05',5),(23,32,6,'2024-02-06',5),(23,32,6,'2024-02-07',5),(23,32,6,'2024-02-08',5),(23,32,6,'2024-02-09',5),(23,32,6,'2024-02-10',7),(23,32,6,'2024-02-11',7),(23,32,6,'2024-02-12',5),(23,32,6,'2024-02-13',5),(23,32,6,'2024-02-14',5),(23,32,6,'2024-02-15',5),(23,32,6,'2024-02-16',5),(23,32,6,'2024-02-17',7),(23,32,6,'2024-02-18',7),(23,32,6,'2024-02-19',5),(23,32,6,'2024-02-20',5),(23,32,6,'2024-02-21',5),(23,32,6,'2024-02-22',5),(23,32,6,'2024-02-23',5),(23,32,6,'2024-02-24',7),(23,32,6,'2024-02-25',7),(23,32,6,'2024-02-26',5),(23,32,6,'2024-02-27',5),(23,32,6,'2024-02-28',5),(23,32,6,'2024-02-29',5),(23,39,6,'2024-01-01',1.5),(23,39,6,'2024-01-02',1),(23,39,6,'2024-01-03',1.2),(23,39,6,'2024-01-04',1.3),(23,39,6,'2024-01-05',1.1),(23,39,6,'2024-01-06',2),(23,39,6,'2024-01-07',2.5),(23,39,6,'2024-01-08',1.4),(23,39,6,'2024-01-09',1.1),(23,39,6,'2024-01-10',1.6),(23,39,6,'2024-01-11',1.2),(23,39,6,'2024-01-12',1.3),(23,39,6,'2024-01-13',2.1),(23,39,6,'2024-01-14',2.3),(23,39,6,'2024-01-15',1.5),(23,39,6,'2024-01-16',1),(23,39,6,'2024-01-17',1.2),(23,39,6,'2024-01-18',1.3),(23,39,6,'2024-01-19',1.1),(23,39,6,'2024-01-20',2),(23,39,6,'2024-01-21',2.5),(23,39,6,'2024-01-22',1.4),(23,39,6,'2024-01-23',1.1),(23,39,6,'2024-01-24',1.6),(23,39,6,'2024-01-25',1.2),(23,39,6,'2024-01-26',1.3),(23,39,6,'2024-01-27',2.1),(23,39,6,'2024-01-28',2.3),(23,39,6,'2024-01-29',1.5),(23,39,6,'2024-01-30',1),(23,39,6,'2024-01-31',1.2),(23,39,6,'2024-02-01',1.3),(23,39,6,'2024-02-02',1.1),(23,39,6,'2024-02-03',2),(23,39,6,'2024-02-04',2.5),(23,39,6,'2024-02-05',1.4),(23,39,6,'2024-02-06',1.1),(23,39,6,'2024-02-07',1.6),(23,39,6,'2024-02-08',1.2),(23,39,6,'2024-02-09',1.3),(23,39,6,'2024-02-10',2.1),(23,39,6,'2024-02-11',2.3),(23,39,6,'2024-02-12',1.5),(23,39,6,'2024-02-13',1),(23,39,6,'2024-02-14',1.2),(23,39,6,'2024-02-15',1.3),(23,39,6,'2024-02-16',1.1),(23,39,6,'2024-02-17',2),(23,39,6,'2024-02-18',2.5),(23,39,6,'2024-02-19',1.4),(23,39,6,'2024-02-20',1.1),(23,39,6,'2024-02-21',1.6),(23,39,6,'2024-02-22',1.2),(23,39,6,'2024-02-23',1.3),(23,39,6,'2024-02-24',2.1),(23,39,6,'2024-02-25',2.3),(23,39,6,'2024-02-26',1.5),(23,39,6,'2024-02-27',1),(23,39,6,'2024-02-28',1.2),(23,39,6,'2024-02-29',1.3),(23,46,6,'2024-01-01',24),(23,46,6,'2024-01-02',24),(23,46,6,'2024-01-03',24),(23,46,6,'2024-01-04',24),(23,46,6,'2024-01-05',24),(23,46,6,'2024-01-06',24),(23,46,6,'2024-01-07',24),(23,46,6,'2024-01-08',24),(23,46,6,'2024-01-09',24),(23,46,6,'2024-01-10',24),(23,46,6,'2024-01-11',24),(23,46,6,'2024-01-12',24),(23,46,6,'2024-01-13',24),(23,46,6,'2024-01-14',24),(23,46,6,'2024-01-15',24),(23,46,6,'2024-01-16',24),(23,46,6,'2024-01-17',24),(23,46,6,'2024-01-18',24),(23,46,6,'2024-01-19',24),(23,46,6,'2024-01-20',24),(23,46,6,'2024-01-21',24),(23,46,6,'2024-01-22',24),(23,46,6,'2024-01-23',24),(23,46,6,'2024-01-24',24),(23,46,6,'2024-01-25',24),(23,46,6,'2024-01-26',24),(23,46,6,'2024-01-27',24),(23,46,6,'2024-01-28',24),(23,46,6,'2024-01-29',24),(23,46,6,'2024-01-30',24),(23,46,6,'2024-01-31',24),(23,46,6,'2024-02-01',24),(23,46,6,'2024-02-02',24),(23,46,6,'2024-02-03',24),(23,46,6,'2024-02-04',24),(23,46,6,'2024-02-05',24),(23,46,6,'2024-02-06',24),(23,46,6,'2024-02-07',24),(23,46,6,'2024-02-08',24),(23,46,6,'2024-02-09',24),(23,46,6,'2024-02-10',24),(23,46,6,'2024-02-11',24),(23,46,6,'2024-02-12',24),(23,46,6,'2024-02-13',24),(23,46,6,'2024-02-14',24),(23,46,6,'2024-02-15',24),(23,46,6,'2024-02-16',24),(23,46,6,'2024-02-17',24),(23,46,6,'2024-02-18',24),(23,46,6,'2024-02-19',24),(23,46,6,'2024-02-20',24),(23,46,6,'2024-02-21',24),(23,46,6,'2024-02-22',24),(23,46,6,'2024-02-23',24),(23,46,6,'2024-02-24',24),(23,46,6,'2024-02-25',24),(23,46,6,'2024-02-26',24),(23,46,6,'2024-02-27',24),(23,46,6,'2024-02-28',24),(23,46,6,'2024-02-29',24),(23,53,6,'2024-01-01',5),(23,53,6,'2024-01-02',5),(23,53,6,'2024-01-03',5),(23,53,6,'2024-01-04',5),(23,53,6,'2024-01-05',5),(23,53,6,'2024-01-06',6),(23,53,6,'2024-01-07',6),(23,53,6,'2024-01-08',5),(23,53,6,'2024-01-09',5),(23,53,6,'2024-01-10',5),(23,53,6,'2024-01-11',5),(23,53,6,'2024-01-12',6),(23,53,6,'2024-01-13',6),(23,53,6,'2024-01-14',5),(23,53,6,'2024-01-15',5),(23,53,6,'2024-01-16',5),(23,53,6,'2024-01-17',5),(23,53,6,'2024-01-18',5),(23,53,6,'2024-01-19',6),(23,53,6,'2024-01-20',6),(23,53,6,'2024-01-21',5),(23,53,6,'2024-01-22',5),(23,53,6,'2024-01-23',5),(23,53,6,'2024-01-24',5),(23,53,6,'2024-01-25',5),(23,53,6,'2024-01-26',6),(23,53,6,'2024-01-27',6),(23,53,6,'2024-01-28',5),(23,53,6,'2024-01-29',5),(23,53,6,'2024-01-30',5),(23,53,6,'2024-01-31',5),(23,53,6,'2024-02-01',5),(23,53,6,'2024-02-02',6),(23,53,6,'2024-02-03',6),(23,53,6,'2024-02-04',5),(23,53,6,'2024-02-05',5),(23,53,6,'2024-02-06',5),(23,53,6,'2024-02-07',5),(23,53,6,'2024-02-08',5),(23,53,6,'2024-02-09',6),(23,53,6,'2024-02-10',6),(23,53,6,'2024-02-11',5),(23,53,6,'2024-02-12',5),(23,53,6,'2024-02-13',5),(23,53,6,'2024-02-14',5),(23,53,6,'2024-02-15',5),(23,53,6,'2024-02-16',6),(23,53,6,'2024-02-17',6),(23,53,6,'2024-02-18',5),(23,53,6,'2024-02-19',5),(23,53,6,'2024-02-20',5),(23,53,6,'2024-02-21',5),(23,53,6,'2024-02-22',5),(23,53,6,'2024-02-23',6),(23,53,6,'2024-02-24',6),(23,53,6,'2024-02-25',5),(23,53,6,'2024-02-26',5),(23,53,6,'2024-02-27',5),(23,53,6,'2024-02-28',5),(23,53,6,'2024-02-29',5),(23,59,6,'2024-01-01',4.5),(23,59,6,'2024-01-02',4),(23,59,6,'2024-01-03',3.5),(23,59,6,'2024-01-04',4.2),(23,59,6,'2024-01-05',4.8),(23,59,6,'2024-01-06',5.5),(23,59,6,'2024-01-07',6),(23,59,6,'2024-01-08',4),(23,59,6,'2024-01-09',3.8),(23,59,6,'2024-01-10',4.1),(23,59,6,'2024-01-11',4.6),(23,59,6,'2024-01-12',5.2),(23,59,6,'2024-01-13',5.8),(23,59,6,'2024-01-14',5.9),(23,59,6,'2024-01-15',4.3),(23,59,6,'2024-01-16',4),(23,59,6,'2024-01-17',3.7),(23,59,6,'2024-01-18',4.5),(23,59,6,'2024-01-19',5),(23,59,6,'2024-01-20',5.6),(23,59,6,'2024-01-21',6.1),(23,59,6,'2024-01-22',4.1),(23,59,6,'2024-01-23',3.9),(23,59,6,'2024-01-24',4.2),(23,59,6,'2024-01-25',4.7),(23,59,6,'2024-01-26',5.3),(23,59,6,'2024-01-27',5.9),(23,59,6,'2024-01-28',6),(23,59,6,'2024-01-29',4.4),(23,59,6,'2024-01-30',4.1),(23,59,6,'2024-01-31',3.8),(23,59,6,'2024-02-01',4.6),(23,59,6,'2024-02-02',5.1),(23,59,6,'2024-02-03',5.7),(23,59,6,'2024-02-04',6.2),(23,59,6,'2024-02-05',4.2),(23,59,6,'2024-02-06',4),(23,59,6,'2024-02-07',3.6),(23,59,6,'2024-02-08',4.4),(23,59,6,'2024-02-09',5.2),(23,59,6,'2024-02-10',5.8),(23,59,6,'2024-02-11',6.3),(23,59,6,'2024-02-12',4.3),(23,59,6,'2024-02-13',4.1),(23,59,6,'2024-02-14',3.7),(23,59,6,'2024-02-15',4.5),(23,59,6,'2024-02-16',5.4),(23,59,6,'2024-02-17',6),(23,59,6,'2024-02-18',6.4),(23,59,6,'2024-02-19',4.4),(23,59,6,'2024-02-20',4.2),(23,59,6,'2024-02-21',3.9),(23,59,6,'2024-02-22',4.6),(23,59,6,'2024-02-23',5.5),(23,59,6,'2024-02-24',6.1),(23,59,6,'2024-02-25',6.5),(23,59,6,'2024-02-26',4.5),(23,59,6,'2024-02-27',4.3),(23,59,6,'2024-02-28',4),(23,59,6,'2024-02-29',4.7),(23,75,6,'2024-01-01',3),(23,75,6,'2024-01-02',2.5),(23,75,6,'2024-01-03',2.8),(23,75,6,'2024-01-04',3.2),(23,75,6,'2024-01-05',3.5),(23,75,6,'2024-01-06',4),(23,75,6,'2024-01-07',4.5),(23,75,6,'2024-01-08',2.7),(23,75,6,'2024-01-09',2.6),(23,75,6,'2024-01-10',3.1),(23,75,6,'2024-01-11',3.4),(23,75,6,'2024-01-12',4.2),(23,75,6,'2024-01-13',4.8),(23,75,6,'2024-01-14',2.9),(23,75,6,'2024-01-15',2.5),(23,75,6,'2024-01-16',2.8),(23,75,6,'2024-01-17',3),(23,75,6,'2024-01-18',3.3),(23,75,6,'2024-01-19',4.1),(23,75,6,'2024-01-20',4.6),(23,75,6,'2024-01-21',3),(23,75,6,'2024-01-22',2.7),(23,75,6,'2024-01-23',2.9),(23,75,6,'2024-01-24',3.1),(23,75,6,'2024-01-25',3.6),(23,75,6,'2024-01-26',4.3),(23,75,6,'2024-01-27',4.9),(23,75,6,'2024-01-28',3.1),(23,75,6,'2024-01-29',2.8),(23,75,6,'2024-01-30',3.2),(23,75,6,'2024-01-31',3.5),(23,75,6,'2024-02-01',3),(23,75,6,'2024-02-02',4),(23,75,6,'2024-02-03',4.7),(23,75,6,'2024-02-04',3.2),(23,75,6,'2024-02-05',2.9),(23,75,6,'2024-02-06',3.1),(23,75,6,'2024-02-07',3.4),(23,75,6,'2024-02-08',3.8),(23,75,6,'2024-02-09',4.5),(23,75,6,'2024-02-10',5),(23,75,6,'2024-02-11',3.3),(23,75,6,'2024-02-12',3),(23,75,6,'2024-02-13',3.2),(23,75,6,'2024-02-14',3.5),(23,75,6,'2024-02-15',4),(23,75,6,'2024-02-16',4.8),(23,75,6,'2024-02-17',5.3),(23,75,6,'2024-02-18',3.4),(23,75,6,'2024-02-19',3.1),(23,75,6,'2024-02-20',3.3),(23,75,6,'2024-02-21',3.7),(23,75,6,'2024-02-22',4.2),(23,75,6,'2024-02-23',5.1),(23,75,6,'2024-02-24',5.6),(23,75,6,'2024-02-25',3.5),(23,75,6,'2024-02-26',3.2),(23,75,6,'2024-02-27',3.6),(23,75,6,'2024-02-28',4),(23,75,6,'2024-02-29',4.5),(23,79,6,'2024-01-01',24),(23,79,6,'2024-01-02',24),(23,79,6,'2024-01-03',24),(23,79,6,'2024-01-04',24),(23,79,6,'2024-01-05',24),(23,79,6,'2024-01-06',24),(23,79,6,'2024-01-07',24),(23,79,6,'2024-01-08',24),(23,79,6,'2024-01-09',24),(23,79,6,'2024-01-10',24),(23,79,6,'2024-01-11',24),(23,79,6,'2024-01-12',24),(23,79,6,'2024-01-13',24),(23,79,6,'2024-01-14',24),(23,79,6,'2024-01-15',24),(23,79,6,'2024-01-16',24),(23,79,6,'2024-01-17',24),(23,79,6,'2024-01-18',24),(23,79,6,'2024-01-19',24),(23,79,6,'2024-01-20',24),(23,79,6,'2024-01-21',24),(23,79,6,'2024-01-22',24),(23,79,6,'2024-01-23',24),(23,79,6,'2024-01-24',24),(23,79,6,'2024-01-25',24),(23,79,6,'2024-01-26',24),(23,79,6,'2024-01-27',24),(23,79,6,'2024-01-28',24),(23,79,6,'2024-01-29',24),(23,79,6,'2024-01-30',24),(23,79,6,'2024-01-31',24),(23,79,6,'2024-02-01',24),(23,79,6,'2024-02-02',24),(23,79,6,'2024-02-03',24),(23,79,6,'2024-02-04',24),(23,79,6,'2024-02-05',24),(23,79,6,'2024-02-06',24),(23,79,6,'2024-02-07',24),(23,79,6,'2024-02-08',24),(23,79,6,'2024-02-09',24),(23,79,6,'2024-02-10',24),(23,79,6,'2024-02-11',24),(23,79,6,'2024-02-12',24),(23,79,6,'2024-02-13',24),(23,79,6,'2024-02-14',24),(23,79,6,'2024-02-15',24),(23,79,6,'2024-02-16',24),(23,79,6,'2024-02-17',24),(23,79,6,'2024-02-18',24),(23,79,6,'2024-02-19',24),(23,79,6,'2024-02-20',24),(23,79,6,'2024-02-21',24),(23,79,6,'2024-02-22',24),(23,79,6,'2024-02-23',24),(23,79,6,'2024-02-24',24),(23,79,6,'2024-02-25',24),(23,79,6,'2024-02-26',24),(23,79,6,'2024-02-27',24),(23,79,6,'2024-02-28',24),(23,79,6,'2024-02-29',24),(10020, 2, 7, '2024-01-02', 4),
(10020, 2, 7, '2024-01-05', 6.5),
(10020, 63, 8, '2025-02-04', 4),
(10020, 63, 8, '2025-02-05', 10),
(10020, 63, 8, '2025-02-06', 6),
(10020, 70, 7, '2024-01-01', 2),
(10020, 70, 7, '2024-01-02', 7),
(10020, 70, 7, '2024-01-03', 12),
(10020, 70, 7, '2024-01-04', 2.5),
(10020, 70, 7, '2024-01-05', 6.5),
(10020, 70, 7, '2024-01-06', 11.5),
(10020, 70, 7, '2024-01-07', 8.5),
(10020, 120, 7, '2024-01-02', 2),
(10020, 120, 7, '2024-02-01', 7),
(10020, 123, 7, '2024-01-02', 12);


DROP TABLE IF EXISTS `users`;
CREATE TABLE `users` (
  `ID` int NOT NULL AUTO_INCREMENT,
  `Fname` varchar(20) NOT NULL,
  `Lname` varchar(20) DEFAULT NULL,
  `UserName` varchar(25) NOT NULL,
  `Password` varchar(60) NOT NULL,
  `Street` varchar(30) NOT NULL,
  `City` varchar(20) NOT NULL,
  `State` varchar(20) NOT NULL,
  `Pincode` varchar(8) NOT NULL,
  `Phoneno` varchar(13) NOT NULL,
  `Email` varchar(45) NOT NULL,
  `UserType` int NOT NULL DEFAULT '0',
  PRIMARY KEY (`ID`)
);
ALTER TABLE users AUTO_INCREMENT = 10001;

INSERT INTO users (ID, Fname, Lname, UserName, Password, Street, City, State, Pincode, Phoneno, Email, UserType) VALUES
(10001, 'Aarav', 'Sharma', 'aaravsharma', '$2b$12$zDcQLQFE789yBVHcxxPA8.EWwaG5ieBfifL2Cz8ui1yXtmJaArVDO', 'House No 101, MG Road', 'Mumbai', 'Maharashtra', '400001', '+919876543210', 'aarav.sharma@example.com', 0),
(10002, 'Ishita', 'Verma', 'ishitaverma', '$2b$12$HM1YZQvSg77MaQjztWDUwuoJ7/yeCGDUguCIMNVwaQPkuOECFM9QW', 'House No 24, Lal Bagh', 'Bengaluru', 'Karnataka', '560001', '+918765432109', 'ishita.verma@example.com', 0),
(10003, 'Rohan', 'Kapoor', 'rohankapoor', '$2b$12$J/Koi0r7N5mXPo6iiX9twurVxfMHgiGdKZF93otUUBfKzx1uyAB8S', 'Flat No 304, Park Street', 'Kolkata', 'West Bengal', '700001', '+917654321098', 'rohan.kapoor@example.com', 0),
(10004, 'Ananya', 'Mehta', 'ananyamehta', '$2b$12$wIHjwJNHvgap7jnAZBhx9./ICL40g7iUL2FrdxhLb.w0NXI7E5qhi', 'Villa No 12, Charminar Road', 'Hyderabad', 'Telangana', '500001', '+916543210987', 'ananya.mehta@example.com', 0),
(10005, 'Kabir', 'Singh', 'kabirsingh', '$2b$12$7Nw4pIWP/BabTM/xDqQ.ne1tYA1n/OSPpSyJWQtu9tXLbqk5N2r2G', 'Block A1, Brigade Road', 'Chennai', 'Tamil Nadu', '600001', '+915432109876', 'kabir.singh@example.com', 0),
(10006, 'Sneha', 'Patil', 'snehapatil', '$2b$12$0Btk/u8H15ubbQFiweX5B./HPEk8OooM/0Oq.ihCAnZW4GnXZiI6C', 'Bungalow No 7, FC Road', 'Pune', 'Maharashtra', '411001', '+914321098765', 'sneha.patil@example.com', 0),
(10007, 'Raj', 'Gupta', 'rajgupta', '$2b$12$Sivg/fnYD0JnhhN4rASSCOAPRmFGUErWG/fvYedKbJBMD5j368FBi', 'Flat No 405, Sector 18', 'Noida', 'Uttar Pradesh', '201301', '+913210987654', 'raj.gupta@example.com', 0),
(10008, 'Pooja', 'Rao', 'poojarao', '$2b$12$ZDACJbGRXBPwA0FuhUbHE.vpFzjcr6eQw3ymPQFK2neWbUToromGu', 'House No 202, ITC Road', 'Ahmedabad', 'Gujarat', '380001', '+912109876543', 'pooja.rao@example.com', 0),
(10009, 'Aditya', 'Kumar', 'adityakumar', 'aditya@123', 'Plot No 56, Cunningham Road', 'Lucknow', 'Uttar Pradesh', '226001', '+911098765432', 'aditya.kumar@example.com', 0),
(10010, 'Niharika', 'Joshi', 'niharikajoshi', 'joshi@pass', 'Flat No 78, Mission Road', 'Indore', 'Madhya Pradesh', '452001', '+910987654321', 'niharika.joshi@example.com', 0),
(10011, 'Vikram', 'Thakur', 'vikramthakur', 'secureme', 'House No 15, Mall Road', 'Shimla', 'Himachal Pradesh', '171001', '+919123456789', 'vikram.thakur@example.com', 0),
(10012, 'Meera', 'Pandey', 'meerapandey', 'meera@secure', 'House No 55, Janpath Road', 'Delhi', 'Delhi', '110001', '+918234567890', 'meera.pandey@example.com', 0),
(10013, 'Harsh', 'Chauhan', 'harshchauhan', 'passwordsucks', 'Plot No 88, Gandhi Path', 'Jaipur', 'Rajasthan', '302001', '+917345678901', 'harsh.chauhan@example.com', 0),
(10014, 'Sanjana', 'Nair', 'sanjananair', 'passcode', 'House No 33, Marine Drive', 'Kochi', 'Kerala', '682001', '+916456789012', 'sanjana.nair@example.com', 0),
(10020, 'Shiva', 'Shetty', 'sshetty', '$2b$12$pqqjg9bOKleYQRueEmN4su14Dd.bzb6T9x3hzA4txFrluzbamE.pG', '11', '11', '11', '11', '1234567890', 'shetty@123.com', 1),
(10022, 'Kushaal S', 'S', 'kushaal16', '$2b$12$h7tqAfuIHTirlA2WIcES7.NRn30DwxElANCvzIYr9cuqKup8Pv2/i', '476, 5th A Cross, Nagasandra', 'Bengaluru', 'Karnataka', '560073', '1234567890', 'kushaal@gmail.com', 0),
(10023, 'Kushaal', 'S', '16kushaal', '$2b$12$Eh420ah.ZrMTxf6puOnO1.l.Vc6gc3FmfK1FaiizlB7hNnLllKbZO', '476, 3rd Main Road', 'Bengaluru', 'Karnataka', '560073', '1234567890', 'kushaal@gmail.com', 1);

CREATE TABLE `usersdevices` (
  `UserID` int NOT NULL,
  `DeviceID` int NOT NULL,
  `MeterID` int NOT NULL,
  PRIMARY KEY (`UserID`,`DeviceID`,`MeterID`),
  KEY `MeterNoo_idx` (`MeterID`),
  KEY `deviceIDDD_idx` (`DeviceID`),
  CONSTRAINT `deviceIDDD` FOREIGN KEY (`DeviceID`) REFERENCES `device` (`DeviceID`),
  CONSTRAINT `MeterNoo` FOREIGN KEY (`MeterID`) REFERENCES `meter` (`meterID`),
  CONSTRAINT `UserNO` FOREIGN KEY (`UserID`) REFERENCES `users` (`ID`)
);
INSERT INTO usersdevices (UserID, DeviceID, MeterID) VALUES
(10001, 3, 1),
(10001, 4, 1),
(10001, 7, 1),
(10001, 8, 1),
(10001, 12, 1),
(10001, 18, 1),
(10001, 27, 1),
(10001, 29, 1),
(10001, 34, 1),
(10001, 50, 1),
(10001, 56, 1),
(10001, 63, 1),
(10001, 69, 1),
(10001, 74, 1),
(10001, 76, 1),
(10001, 2, 2),
(10001, 14, 2),
(10001, 17, 2),
(10001, 31, 2),
(10001, 46, 2),
(10001, 47, 2),
(10001, 55, 2),
(10001, 71, 2),
(10001, 79, 2),
(10001, 80, 2),
(10001, 81, 2),
(10002, 1, 3),
(10002, 84, 3),
(10002, 85, 3),
(10002, 86, 3),
(10002, 87, 3),
(10002, 88, 3),
(10002, 89, 3),
(10002, 90, 3),
(10002, 91, 3),
(10002, 92, 3),
(10002, 93, 3),
(10002, 95, 3),
(10002, 96, 3),
(10002, 97, 3),
(10002, 98, 3),
(10002, 99, 4),
(10002, 100, 4),
(10002, 101, 4),
(10002, 102, 4),
(10002, 103, 4),
(10002, 104, 4),
(10002, 105, 4),
(10002, 106, 4),
(10002, 107, 4),
(10002, 108, 4),
(10002, 109, 4),
(10003, 1, 5),
(10003, 110, 5),
(10003, 111, 5),
(10003, 112, 5),
(10003, 113, 5),
(10003, 114, 5),
(10003, 115, 5),
(10003, 116, 5),
(10003, 117, 5),
(10003, 118, 5),
(10003, 119, 5),
(10003, 120, 5),
(10003, 121, 5),
(10003, 122, 5),
(10003, 123, 5),
(10003, 124, 5),
(23, 2, 6),
(23, 3, 6),
(23, 6, 6),
(23, 8, 6),
(23, 12, 6),
(23, 14, 6),
(23, 17, 6),
(23, 19, 6),
(23, 29, 6),
(23, 32, 6),
(23, 39, 6),
(23, 46, 6),
(23, 53, 6),
(23, 59, 6),
(23, 75, 6),
(23, 79, 6),
(10020, 2, 7),
(10020, 8, 7),
(10020, 70, 7),
(10020, 120, 7),
(10020, 123, 7),
(10020, 63, 8);

CREATE TABLE `usersmeters` (
  `UserID` int NOT NULL,
  `MeterID` int NOT NULL,
  PRIMARY KEY (`UserID`,`MeterID`),
  KEY `MeterIDDD_idx` (`MeterID`),
  CONSTRAINT `MeterIDDD` FOREIGN KEY (`MeterID`) REFERENCES `meter` (`meterID`),
  CONSTRAINT `UserIDD` FOREIGN KEY (`UserID`) REFERENCES `users` (`ID`)
);
INSERT INTO `usersmeters` VALUES (10001,1),(10001,2),(10002,3),(10002,4),(10003,5),(23,6),(10020,7),(10020,8),(10020,9);